date,channel,spend,impressions,clicks,conversions
2025-01-01,Google Ads,1127.54,46331,539,27
2025-01-01,Facebook,633.49,19280,764,68
2025-01-01,Instagram,390.78,18045,723,51
2025-01-01,Email,277.11,15548,657,24
2025-01-01,Organic,0.0,3401,148,8
2025-01-02,Google Ads,1345.8,64231,1756,162
2025-01-02,Facebook,1167.34,51444,2094,156
2025-01-02,Instagram,622.99,34877,1591,76
2025-01-02,Email,45.84,1438,59,2
2025-01-02,Organic,0.0,6248,221,20
2025-01-03,Google Ads,1658.68,69926,2829,78
2025-01-03,Facebook,467.91,14853,232,10
2025-01-03,Instagram,1056.46,50265,612,33
2025-01-03,Email,292.46,14182,197,19
2025-01-03,Organic,0.0,2822,90,5
2025-01-04,Google Ads,784.48,30247,629,27
2025-01-04,Facebook,1297.86,57591,1039,36
2025-01-04,Instagram,952.27,38133,1010,64
2025-01-04,Email,167.83,6138,150,4
2025-01-04,Organic,0.0,2921,100,5
2025-01-05,Google Ads,1493.65,45402,983,89
2025-01-05,Facebook,1080.68,64189,2947,260
2025-01-05,Instagram,1135.49,55096,2360,92
2025-01-05,Email,261.59,15025,152,6
2025-01-05,Organic,0.0,10006,482,41
2025-01-06,Google Ads,749.16,25480,386,9
2025-01-06,Facebook,1302.09,59038,2191,150
2025-01-06,Instagram,812.41,35001,1566,139
2025-01-06,Email,258.21,12903,422,30
2025-01-06,Organic,0.0,7727,322,27
2025-01-07,Google Ads,1553.72,72121,1569,76
2025-01-07,Facebook,824.71,33493,608,43
2025-01-07,Instagram,343.64,10784,502,45
2025-01-07,Email,54.79,2003,26,1
2025-01-07,Organic,0.0,2071,64,1
2025-01-08,Google Ads,1187.33,54461,1119,99
2025-01-08,Facebook,1393.67,42844,672,28
2025-01-08,Instagram,1057.37,36594,674,30
2025-01-08,Email,60.15,3376,138,4
2025-01-08,Organic,0.0,2492,86,5
2025-01-09,Google Ads,730.25,23240,504,40
2025-01-09,Facebook,873.02,50999,1320,51
2025-01-09,Instagram,582.1,25130,698,46
2025-01-09,Email,63.31,3318,115,9
2025-01-09,Organic,0.0,4105,165,11
2025-01-10,Google Ads,591.08,33916,1323,53
2025-01-10,Facebook,537.07,24955,1043,43
2025-01-10,Instagram,1137.01,60453,2654,197
2025-01-10,Email,270.22,13131,480,44
2025-01-10,Organic,0.0,6292,188,5
2025-01-11,Google Ads,2020.98,111369,1249,108
2025-01-11,Facebook,1779.22,54756,2700,142
2025-01-11,Instagram,1512.77,50590,533,48
2025-01-11,Email,101.31,4743,185,8
2025-01-11,Organic,0.0,2842,104,9
2025-01-12,Google Ads,2058.88,107907,2278,198
2025-01-12,Facebook,1301.47,61836,2184,57
2025-01-12,Instagram,1203.8,39590,1482,69
2025-01-12,Email,386.25,14351,148,13
2025-01-12,Organic,0.0,7969,224,12
2025-01-13,Google Ads,1706.21,55790,2469,152
2025-01-13,Facebook,512.53,16494,343,31
2025-01-13,Instagram,328.63,14918,482,41
2025-01-13,Email,95.89,3801,50,2
2025-01-13,Organic,0.0,2874,170,5
2025-01-14,Google Ads,1515.69,90695,1715,103
2025-01-14,Facebook,836.46,37952,1825,99
2025-01-14,Instagram,387.94,23144,664,36
2025-01-14,Email,132.01,6282,168,10
2025-01-14,Organic,0.0,6648,326,19
2025-01-15,Google Ads,2257.55,95054,3133,148
2025-01-15,Facebook,544.24,17517,707,30
2025-01-15,Instagram,529.07,22288,783,57
2025-01-15,Email,283.93,15493,756,22
2025-01-15,Organic,0.0,7295,352,18
2025-01-16,Google Ads,494.63,26073,811,62
2025-01-16,Facebook,519.78,18545,651,54
2025-01-16,Instagram,521.6,27222,988,42
2025-01-16,Email,86.0,2989,119,9
2025-01-16,Organic,0.0,6175,214,14
2025-01-17,Google Ads,843.6,48962,2391,143
2025-01-17,Facebook,544.49,24680,599,51
2025-01-17,Instagram,511.92,16101,230,12
2025-01-17,Email,192.44,6576,79,4
2025-01-17,Organic,0.0,8840,365,36
2025-01-18,Google Ads,782.58,40286,1106,89
2025-01-18,Facebook,1684.61,83225,3725,184
2025-01-18,Instagram,1174.29,39500,1202,93
2025-01-18,Email,241.18,8301,387,30
2025-01-18,Organic,0.0,7095,246,7
2025-01-19,Google Ads,1832.06,84281,1549,92
2025-01-19,Facebook,663.43,31263,363,23
2025-01-19,Instagram,805.0,24885,837,53
2025-01-19,Email,167.8,7582,173,11
2025-01-19,Organic,0.0,2752,149,14
2025-01-20,Google Ads,2003.55,71200,2497,56
2025-01-20,Facebook,684.0,33515,1482,96
2025-01-20,Instagram,582.65,25168,458,29
2025-01-20,Email,277.86,8888,320,8
2025-01-20,Organic,0.0,5729,246,7
2025-01-21,Google Ads,543.94,28412,1267,41
2025-01-21,Facebook,1262.23,71191,1259,104
2025-01-21,Instagram,1006.68,53024,1808,175
2025-01-21,Email,240.05,10411,487,43
2025-01-21,Organic,0.0,2273,63,4
2025-01-22,Google Ads,1454.03,45811,695,23
2025-01-22,Facebook,1068.48,44274,581,53
2025-01-22,Instagram,885.67,50468,2443,130
2025-01-22,Email,181.52,10266,267,10
2025-01-22,Organic,0.0,1876,70,6
2025-01-23,Google Ads,795.17,25569,1273,75
2025-01-23,Facebook,926.81,32824,1014,90
2025-01-23,Instagram,1104.1,66099,1097,79
2025-01-23,Email,233.15,13941,535,16
2025-01-23,Organic,0.0,7517,334,13
2025-01-24,Google Ads,755.38,31471,1136,84
2025-01-24,Facebook,389.84,21153,233,7
2025-01-24,Instagram,501.07,24056,983,51
2025-01-24,Email,152.32,6038,90,2
2025-01-24,Organic,0.0,5136,288,19
2025-01-25,Google Ads,713.83,26403,1155,73
2025-01-25,Facebook,1666.18,63546,2690,116
2025-01-25,Instagram,652.21,28277,749,51
2025-01-25,Email,250.03,9481,324,25
2025-01-25,Organic,0.0,5646,119,10
2025-01-26,Google Ads,2552.52,78861,797,41
2025-01-26,Facebook,1363.28,51437,1157,65
2025-01-26,Instagram,276.29,8990,363,13
2025-01-26,Email,279.16,10860,186,17
2025-01-26,Organic,0.0,4890,275,16
2025-01-27,Google Ads,625.32,26964,1195,111
2025-01-27,Facebook,615.56,20960,526,24
2025-01-27,Instagram,422.59,22596,400,28
2025-01-27,Email,146.31,8031,172,13
2025-01-27,Organic,0.0,3666,161,13
2025-01-28,Google Ads,1540.54,74349,3409,124
2025-01-28,Facebook,727.87,31845,1239,42
2025-01-28,Instagram,460.61,18467,465,29
2025-01-28,Email,276.34,9252,240,15
2025-01-28,Organic,0.0,4641,191,17
2025-01-29,Google Ads,1456.43,85845,1744,64
2025-01-29,Facebook,468.6,15115,450,32
2025-01-29,Instagram,411.64,15756,442,25
2025-01-29,Email,110.82,4949,117,7
2025-01-29,Organic,0.0,2661,121,7
2025-01-30,Google Ads,1277.77,46965,1627,98
2025-01-30,Facebook,815.96,47906,2331,95
2025-01-30,Instagram,279.84,11246,250,15
2025-01-30,Email,232.68,8760,403,20
2025-01-30,Organic,0.0,3378,162,12
2025-01-31,Google Ads,1216.98,67368,1371,135
2025-01-31,Facebook,1272.17,52866,989,95
2025-01-31,Instagram,1019.84,53245,2401,70
2025-01-31,Email,115.95,3997,194,16
2025-01-31,Organic,0.0,2552,98,6
2025-02-01,Google Ads,825.48,26345,893,18
2025-02-01,Facebook,1929.59,106089,3785,113
2025-02-01,Instagram,1218.0,62388,702,24
2025-02-01,Email,360.12,19859,451,40
2025-02-01,Organic,0.0,7605,418,14
2025-02-02,Google Ads,2344.01,139303,4342,293
2025-02-02,Facebook,1559.49,50510,1396,97
2025-02-02,Instagram,818.9,27703,394,33
2025-02-02,Email,150.53,8644,338,22
2025-02-02,Organic,0.0,6587,314,26
2025-02-03,Google Ads,724.07,24416,992,47
2025-02-03,Facebook,668.15,31418,387,13
2025-02-03,Instagram,1340.49,53933,1726,158
2025-02-03,Email,341.42,14793,598,28
2025-02-03,Organic,0.0,6445,154,13
2025-02-04,Google Ads,1045.01,42050,1615,129
2025-02-04,Facebook,1535.86,79872,2710,177
2025-02-04,Instagram,1282.24,51980,2474,55
2025-02-04,Email,249.11,12634,492,44
2025-02-04,Organic,0.0,4274,225,15
2025-02-05,Google Ads,753.63,41587,462,37
2025-02-05,Facebook,1566.91,72999,2527,69
2025-02-05,Instagram,1358.37,46747,1226,38
2025-02-05,Email,180.23,9851,265,20
2025-02-05,Organic,0.0,5881,205,18
2025-02-06,Google Ads,1605.58,80457,3981,239
2025-02-06,Facebook,795.63,35509,384,36
2025-02-06,Instagram,785.51,33932,763,41
2025-02-06,Email,156.26,9104,276,19
2025-02-06,Organic,0.0,6385,197,14
2025-02-07,Google Ads,1700.8,95846,1057,52
2025-02-07,Facebook,1357.51,76363,2180,203
2025-02-07,Instagram,890.01,43243,484,21
2025-02-07,Email,316.29,12123,270,6
2025-02-07,Organic,0.0,6467,304,23
2025-02-08,Google Ads,1427.86,50034,948,92
2025-02-08,Facebook,914.3,35814,473,39
2025-02-08,Instagram,957.48,54525,1543,105
2025-02-08,Email,301.67,16388,702,26
2025-02-08,Organic,0.0,8741,332,25
2025-02-09,Google Ads,1701.23,101523,4199,323
2025-02-09,Facebook,1008.98,59402,2954,200
2025-02-09,Instagram,1511.07,47868,2166,197
2025-02-09,Email,342.75,14910,485,29
2025-02-09,Organic,0.0,8229,466,35
2025-02-10,Google Ads,1318.49,66880,884,63
2025-02-10,Facebook,859.59,45019,2081,58
2025-02-10,Instagram,1293.25,54568,1643,67
2025-02-10,Email,268.94,15062,599,52
2025-02-10,Organic,0.0,7650,347,31
2025-02-11,Google Ads,883.36,32503,860,49
2025-02-11,Facebook,896.43,53308,2537,122
2025-02-11,Instagram,821.88,42744,1769,149
2025-02-11,Email,298.74,12002,554,38
2025-02-11,Organic,0.0,4664,250,7
2025-02-12,Google Ads,1470.42,86540,2832,161
2025-02-12,Facebook,969.45,30741,1390,98
2025-02-12,Instagram,607.06,33124,1037,48
2025-02-12,Email,326.42,18881,506,16
2025-02-12,Organic,0.0,8586,407,40
2025-02-13,Google Ads,1760.97,97996,2195,130
2025-02-13,Facebook,632.39,24850,704,54
2025-02-13,Instagram,895.93,41342,1987,120
2025-02-13,Email,259.83,9209,262,25
2025-02-13,Organic,0.0,3163,87,4
2025-02-14,Google Ads,1068.15,48330,1633,147
2025-02-14,Facebook,934.68,45722,1711,67
2025-02-14,Instagram,803.97,38835,1401,40
2025-02-14,Email,92.06,4366,53,1
2025-02-14,Organic,0.0,6205,171,10
2025-02-15,Google Ads,1859.69,58132,766,73
2025-02-15,Facebook,661.78,32330,1262,76
2025-02-15,Instagram,536.06,16244,261,12
2025-02-15,Email,345.16,12356,242,21
2025-02-15,Organic,0.0,5483,174,7
2025-02-16,Google Ads,1107.4,62288,3095,85
2025-02-16,Facebook,1046.69,43825,1709,64
2025-02-16,Instagram,670.2,35723,1360,109
2025-02-16,Email,193.19,11124,267,24
2025-02-16,Organic,0.0,5622,154,10
2025-02-17,Google Ads,1229.45,52526,2249,215
2025-02-17,Facebook,427.97,14908,472,17
2025-02-17,Instagram,946.69,31612,841,33
2025-02-17,Email,173.51,6855,168,10
2025-02-17,Organic,0.0,8976,240,11
2025-02-18,Google Ads,1864.7,71600,2927,124
2025-02-18,Facebook,446.95,24272,436,32
2025-02-18,Instagram,1361.01,65987,3217,320
2025-02-18,Email,164.7,7550,139,6
2025-02-18,Organic,0.0,6236,361,17
2025-02-19,Google Ads,1805.31,74614,1225,51
2025-02-19,Facebook,525.26,30023,737,51
2025-02-19,Instagram,963.97,33665,1194,75
2025-02-19,Email,85.77,2761,124,7
2025-02-19,Organic,0.0,6586,309,26
2025-02-20,Google Ads,622.96,32380,1425,135
2025-02-20,Facebook,1129.85,59984,1430,81
2025-02-20,Instagram,885.09,29697,690,61
2025-02-20,Email,124.51,6000,159,10
2025-02-20,Organic,0.0,2808,118,10
2025-02-21,Google Ads,554.39,26882,704,51
2025-02-21,Facebook,867.47,34428,1127,67
2025-02-21,Instagram,774.47,41589,1609,137
2025-02-21,Email,206.6,8657,417,16
2025-02-21,Organic,0.0,4322,98,6
2025-02-22,Google Ads,1413.66,68586,1634,39
2025-02-22,Facebook,850.3,41716,1568,133
2025-02-22,Instagram,1458.79,76679,2424,226
2025-02-22,Email,99.11,4854,146,7
2025-02-22,Organic,0.0,7753,332,23
2025-02-23,Google Ads,2805.06,134411,3720,196
2025-02-23,Facebook,1404.18,42961,2143,211
2025-02-23,Instagram,442.89,25470,911,27
2025-02-23,Email,273.83,15665,769,59
2025-02-23,Organic,0.0,6144,332,22
2025-02-24,Google Ads,1812.3,60674,2608,212
2025-02-24,Facebook,445.85,17096,525,39
2025-02-24,Instagram,1403.28,46074,1229,29
2025-02-24,Email,158.7,8046,265,21
2025-02-24,Organic,0.0,3729,92,5
2025-02-25,Google Ads,1157.59,43218,608,49
2025-02-25,Facebook,1891.04,60033,2451,232
2025-02-25,Instagram,1132.64,58020,737,28
2025-02-25,Email,100.12,5303,187,9
2025-02-25,Organic,0.0,7843,423,25
2025-02-26,Google Ads,1461.36,60125,820,65
2025-02-26,Facebook,745.96,27825,643,14
2025-02-26,Instagram,260.85,9780,167,8
2025-02-26,Email,156.34,7413,244,10
2025-02-26,Organic,0.0,7034,274,11
2025-02-27,Google Ads,2149.21,94833,2425,178
2025-02-27,Facebook,700.11,31175,1008,76
2025-02-27,Instagram,1061.3,62297,2371,181
2025-02-27,Email,88.24,5172,236,19
2025-02-27,Organic,0.0,3413,115,10
2025-02-28,Google Ads,1052.92,50101,2253,223
2025-02-28,Facebook,969.6,29168,794,74
2025-02-28,Instagram,277.02,12440,234,23
2025-02-28,Email,228.85,12262,177,12
2025-02-28,Organic,0.0,7598,441,40
2025-03-01,Google Ads,1267.07,59847,1602,116
2025-03-01,Facebook,2108.03,121430,3013,248
2025-03-01,Instagram,324.0,15959,771,38
2025-03-01,Email,107.71,5507,125,7
2025-03-01,Organic,0.0,10008,235,14
2025-03-02,Google Ads,929.97,53175,1605,120
2025-03-02,Facebook,2036.49,112511,4968,132
2025-03-02,Instagram,814.59,30565,845,17
2025-03-02,Email,213.58,9506,103,9
2025-03-02,Organic,0.0,6009,146,5
2025-03-03,Google Ads,921.33,44335,1871,57
2025-03-03,Facebook,1211.08,68468,1790,57
2025-03-03,Instagram,791.27,38380,1912,158
2025-03-03,Email,342.44,15040,523,28
2025-03-03,Organic,0.0,3967,99,9
2025-03-04,Google Ads,1168.98,56094,1724,155
2025-03-04,Facebook,1123.52,65219,2055,58
2025-03-04,Instagram,915.48,28891,475,14
2025-03-04,Email,341.35,13798,210,14
2025-03-04,Organic,0.0,3017,140,3
2025-03-05,Google Ads,1920.97,60184,613,43
2025-03-05,Facebook,1263.78,39604,884,20
2025-03-05,Instagram,809.81,33179,408,23
2025-03-05,Email,100.54,5785,127,9
2025-03-05,Organic,0.0,4545,134,9
2025-03-06,Google Ads,692.29,39563,1102,32
2025-03-06,Facebook,501.42,19766,712,53
2025-03-06,Instagram,405.56,21181,842,26
2025-03-06,Email,161.73,6644,158,7
2025-03-06,Organic,0.0,6657,153,14
2025-03-07,Google Ads,1036.78,35208,412,9
2025-03-07,Facebook,878.77,51004,863,50
2025-03-07,Instagram,494.44,18799,649,18
2025-03-07,Email,391.27,16528,232,6
2025-03-07,Organic,0.0,5702,266,23
2025-03-08,Google Ads,2294.14,78020,2289,106
2025-03-08,Facebook,2044.47,78043,3874,331
2025-03-08,Instagram,921.78,29948,646,64
2025-03-08,Email,259.21,11400,458,44
2025-03-08,Organic,0.0,11146,599,51
2025-03-09,Google Ads,1326.71,63029,702,67
2025-03-09,Facebook,1447.51,78396,1670,124
2025-03-09,Instagram,477.79,22475,795,66
2025-03-09,Email,302.06,10189,404,23
2025-03-09,Organic,0.0,11273,289,13
2025-03-10,Google Ads,2084.24,82342,3693,130
2025-03-10,Facebook,977.84,38289,1078,48
2025-03-10,Instagram,740.72,24129,614,21
2025-03-10,Email,158.43,8775,250,19
2025-03-10,Organic,0.0,2984,76,4
2025-03-11,Google Ads,1992.36,116460,5464,401
2025-03-11,Facebook,719.47,34558,462,9
2025-03-11,Instagram,773.95,42349,1553,51
2025-03-11,Email,327.73,10828,305,25
2025-03-11,Organic,0.0,7053,311,7
2025-03-12,Google Ads,1926.62,102481,2324,83
2025-03-12,Facebook,1705.31,85402,1156,29
2025-03-12,Instagram,970.79,38724,1118,65
2025-03-12,Email,380.9,12740,315,15
2025-03-12,Organic,0.0,6105,260,19
2025-03-13,Google Ads,1732.63,85302,1291,50
2025-03-13,Facebook,824.9,36229,538,52
2025-03-13,Instagram,941.92,51596,1834,106
2025-03-13,Email,184.19,6736,301,24
2025-03-13,Organic,0.0,6749,389,19
2025-03-14,Google Ads,1776.46,86479,2076,91
2025-03-14,Facebook,445.58,22284,230,22
2025-03-14,Instagram,1205.53,48645,600,29
2025-03-14,Email,69.88,3959,81,4
2025-03-14,Organic,0.0,6806,151,9
2025-03-15,Google Ads,2230.38,110548,2716,228
2025-03-15,Facebook,587.4,21210,660,47
2025-03-15,Instagram,1082.94,59634,1930,87
2025-03-15,Email,218.15,7678,166,8
2025-03-15,Organic,0.0,4759,205,18
2025-03-16,Google Ads,3026.99,165399,2774,262
2025-03-16,Facebook,2134.36,125686,5557,116
2025-03-16,Instagram,592.63,22956,311,28
2025-03-16,Email,136.36,4687,59,2
2025-03-16,Organic,0.0,9595,261,11
2025-03-17,Google Ads,2232.66,101923,2870,265
2025-03-17,Facebook,725.73,39550,1176,115
2025-03-17,Instagram,1103.9,40339,1251,109
2025-03-17,Email,317.13,11454,359,30
2025-03-17,Organic,0.0,8817,417,24
2025-03-18,Google Ads,953.36,54269,1865,134
2025-03-18,Facebook,1808.15,87409,3339,199
2025-03-18,Instagram,654.62,19781,691,60
2025-03-18,Email,105.01,6153,234,7
2025-03-18,Organic,0.0,11253,664,20
2025-03-19,Google Ads,906.2,29883,1117,70
2025-03-19,Facebook,1818.63,77800,1895,84
2025-03-19,Instagram,985.88,39409,855,44
2025-03-19,Email,373.11,17044,624,43
2025-03-19,Organic,0.0,8404,371,17
2025-03-20,Google Ads,2297.91,129805,1899,169
2025-03-20,Facebook,1465.22,65374,1211,72
2025-03-20,Instagram,1434.7,80323,3595,196
2025-03-20,Email,92.87,3081,70,6
2025-03-20,Organic,0.0,8982,202,14
2025-03-21,Google Ads,1776.18,66246,3311,84
2025-03-21,Facebook,1626.06,83813,2767,199
2025-03-21,Instagram,1271.35,73138,898,68
2025-03-21,Email,247.27,11596,186,11
2025-03-21,Organic,0.0,4453,103,6
2025-03-22,Google Ads,3067.25,126745,2759,118
2025-03-22,Facebook,1588.94,76349,1564,39
2025-03-22,Instagram,1076.85,45920,1300,48
2025-03-22,Email,164.85,7278,285,26
2025-03-22,Organic,0.0,4261,117,5
2025-03-23,Google Ads,2005.75,114220,2432,181
2025-03-23,Facebook,513.69,25999,407,16
2025-03-23,Instagram,501.92,25295,1151,106
2025-03-23,Email,314.85,10194,414,20
2025-03-23,Organic,0.0,3530,82,6
2025-03-24,Google Ads,2241.49,102859,3056,142
2025-03-24,Facebook,2153.02,90079,2534,55
2025-03-24,Instagram,1512.83,52677,1087,26
2025-03-24,Email,313.92,16685,486,26
2025-03-24,Organic,0.0,6944,266,15
2025-03-25,Google Ads,1614.27,94154,2885,251
2025-03-25,Facebook,384.72,14312,534,46
2025-03-25,Instagram,899.76,36193,494,16
2025-03-25,Email,326.95,11664,567,14
2025-03-25,Organic,0.0,6047,278,13
2025-03-26,Google Ads,1682.37,51541,2339,203
2025-03-26,Facebook,1712.36,91823,2702,101
2025-03-26,Instagram,386.36,12643,520,28
2025-03-26,Email,373.03,13283,199,16
2025-03-26,Organic,0.0,7490,251,12
2025-03-27,Google Ads,1639.64,76187,2168,189
2025-03-27,Facebook,922.6,34919,1389,98
2025-03-27,Instagram,460.28,17613,257,10
2025-03-27,Email,241.35,11301,272,16
2025-03-27,Organic,0.0,8869,315,17
2025-03-28,Google Ads,771.07,44443,1132,70
2025-03-28,Facebook,776.85,23356,344,32
2025-03-28,Instagram,999.49,56194,2527,72
2025-03-28,Email,275.23,12868,301,14
2025-03-28,Organic,0.0,2969,174,5
2025-03-29,Google Ads,1764.7,61449,2866,73
2025-03-29,Facebook,1832.98,77917,3819,117
2025-03-29,Instagram,1170.27,56353,1261,42
2025-03-29,Email,298.94,10417,520,41
2025-03-29,Organic,0.0,6296,312,6
2025-03-30,Google Ads,2072.81,86753,3468,109
2025-03-30,Facebook,836.63,37344,646,40
2025-03-30,Instagram,403.67,16350,280,8
2025-03-30,Email,313.64,10918,248,14
2025-03-30,Organic,0.0,10441,297,9
2025-03-31,Google Ads,1703.28,80459,1186,115
2025-03-31,Facebook,2024.66,100622,4503,301
2025-03-31,Instagram,381.13,17808,796,17
2025-03-31,Email,72.61,2351,111,10
2025-03-31,Organic,0.0,6662,304,16
2025-04-01,Google Ads,1510.45,69650,2552,184
2025-04-01,Facebook,619.07,24549,902,64
2025-04-01,Instagram,1163.45,66869,2777,119
2025-04-01,Email,189.2,7374,335,29
2025-04-01,Organic,0.0,2604,116,7
2025-04-02,Google Ads,2523.52,99229,4126,244
2025-04-02,Facebook,1443.73,45882,827,43
2025-04-02,Instagram,726.9,30440,849,18
2025-04-02,Email,295.37,15607,689,20
2025-04-02,Organic,0.0,9707,227,4
2025-04-03,Google Ads,2697.56,146693,4642,411
2025-04-03,Facebook,1710.98,84956,2973,115
2025-04-03,Instagram,500.11,27598,773,45
2025-04-03,Email,164.82,6536,228,19
2025-04-03,Organic,0.0,4055,83,2
2025-04-04,Google Ads,1578.46,76251,3515,316
2025-04-04,Facebook,1441.01,57271,2391,143
2025-04-04,Instagram,450.12,21250,334,15
2025-04-04,Email,394.1,23387,959,83
2025-04-04,Organic,0.0,7648,451,42
2025-04-05,Google Ads,1273.25,69415,1265,63
2025-04-05,Facebook,512.89,17914,862,34
2025-04-05,Instagram,1098.28,55017,1363,116
2025-04-05,Email,190.99,8648,311,9
2025-04-05,Organic,0.0,4814,141,4
2025-04-06,Google Ads,1689.63,74099,1071,83
2025-04-06,Facebook,1537.18,83581,3622,336
2025-04-06,Instagram,1289.13,52964,1554,62
2025-04-06,Email,100.04,4332,84,7
2025-04-06,Organic,0.0,6951,339,11
2025-04-07,Google Ads,1313.0,39456,1644,116
2025-04-07,Facebook,888.62,50413,2203,215
2025-04-07,Instagram,1195.41,63378,2635,57
2025-04-07,Email,347.26,14771,253,23
2025-04-07,Organic,0.0,5648,209,10
2025-04-08,Google Ads,1263.57,47659,2379,67
2025-04-08,Facebook,696.25,30393,486,38
2025-04-08,Instagram,847.11,25672,757,25
2025-04-08,Email,308.67,17828,274,21
2025-04-08,Organic,0.0,8646,208,15
2025-04-09,Google Ads,2469.41,109560,1678,93
2025-04-09,Facebook,1852.14,96379,2339,140
2025-04-09,Instagram,1233.8,40744,1063,92
2025-04-09,Email,303.96,10904,229,9
2025-04-09,Organic,0.0,6800,397,20
2025-04-10,Google Ads,1411.68,77284,1562,151
2025-04-10,Facebook,1036.82,56136,1327,73
2025-04-10,Instagram,891.1,29402,1284,65
2025-04-10,Email,196.45,11521,402,12
2025-04-10,Organic,0.0,6249,131,8
2025-04-11,Google Ads,1249.65,57239,2024,168
2025-04-11,Facebook,1087.4,49509,2112,192
2025-04-11,Instagram,1239.46,50812,2338,99
2025-04-11,Email,259.49,14944,482,38
2025-04-11,Organic,0.0,8169,395,26
2025-04-12,Google Ads,2455.91,91180,4443,91
2025-04-12,Facebook,1840.21,77224,2785,125
2025-04-12,Instagram,1591.21,76441,2365,195
2025-04-12,Email,323.47,13313,175,5
2025-04-12,Organic,0.0,3994,127,10
2025-04-13,Google Ads,1503.65,47631,671,46
2025-04-13,Facebook,1098.56,64336,1641,127
2025-04-13,Instagram,526.75,22353,850,28
2025-04-13,Email,228.94,7505,250,11
2025-04-13,Organic,0.0,6588,361,23
2025-04-14,Google Ads,2184.12,116107,2649,112
2025-04-14,Facebook,726.96,41856,645,39
2025-04-14,Instagram,1034.66,41154,1319,41
2025-04-14,Email,160.85,6753,189,5
2025-04-14,Organic,0.0,5396,239,17
2025-04-15,Google Ads,1885.54,78248,2173,157
2025-04-15,Facebook,958.03,42103,506,10
2025-04-15,Instagram,1423.86,61702,1951,160
2025-04-15,Email,172.08,6199,147,9
2025-04-15,Organic,0.0,11025,225,13
2025-04-16,Google Ads,2167.42,110931,4693,162
2025-04-16,Facebook,1489.45,78569,906,74
2025-04-16,Instagram,803.8,40782,638,47
2025-04-16,Email,111.39,6436,139,6
2025-04-16,Organic,0.0,7149,191,12
2025-04-17,Google Ads,709.63,35486,1443,74
2025-04-17,Facebook,1194.88,55678,2147,143
2025-04-17,Instagram,724.46,32963,340,16
2025-04-17,Email,274.78,16294,655,14
2025-04-17,Organic,0.0,8544,381,26
2025-04-18,Google Ads,2804.75,86852,3254,189
2025-04-18,Facebook,1417.37,77081,3156,183
2025-04-18,Instagram,368.78,18162,766,71
2025-04-18,Email,360.54,12997,399,20
2025-04-18,Organic,0.0,10970,453,11
2025-04-19,Google Ads,1419.78,80797,1882,169
2025-04-19,Facebook,881.73,50212,890,57
2025-04-19,Instagram,1180.64,64498,2216,214
2025-04-19,Email,392.23,22734,475,42
2025-04-19,Organic,0.0,10221,277,16
2025-04-20,Google Ads,1758.86,80040,2651,68
2025-04-20,Facebook,1409.58,84254,3606,105
2025-04-20,Instagram,904.89,30326,1131,41
2025-04-20,Email,391.46,15412,389,17
2025-04-20,Organic,0.0,11364,553,12
2025-04-21,Google Ads,2070.03,78461,1339,106
2025-04-21,Facebook,789.6,37778,1254,121
2025-04-21,Instagram,1242.57,72940,1690,52
2025-04-21,Email,258.03,10410,236,7
2025-04-21,Organic,0.0,8865,180,17
2025-04-22,Google Ads,862.07,44631,844,17
2025-04-22,Facebook,1338.56,41598,895,36
2025-04-22,Instagram,1114.37,49358,1681,90
2025-04-22,Email,386.15,22991,944,40
2025-04-22,Organic,0.0,9273,300,13
2025-04-23,Google Ads,2705.68,105373,1148,44
2025-04-23,Facebook,535.41,22949,845,36
2025-04-23,Instagram,335.96,18490,234,13
2025-04-23,Email,165.1,5049,139,11
2025-04-23,Organic,0.0,9039,485,37
2025-04-24,Google Ads,1148.93,61908,2146,189
2025-04-24,Facebook,1581.84,76715,1374,29
2025-04-24,Instagram,1177.95,38822,396,17
2025-04-24,Email,293.98,15455,169,4
2025-04-24,Organic,0.0,5418,286,7
2025-04-25,Google Ads,1252.34,61762,1330,27
2025-04-25,Facebook,733.12,37352,1327,74
2025-04-25,Instagram,836.28,25745,715,37
2025-04-25,Email,80.75,4602,226,21
2025-04-25,Organic,0.0,8599,341,27
2025-04-26,Google Ads,2609.14,79164,1169,45
2025-04-26,Facebook,867.93,47713,695,69
2025-04-26,Instagram,501.69,18783,454,21
2025-04-26,Email,343.7,14098,261,7
2025-04-26,Organic,0.0,5583,174,11
2025-04-27,Google Ads,2930.99,111321,4527,445
2025-04-27,Facebook,648.13,22416,480,12
2025-04-27,Instagram,1024.81,51704,2386,166
2025-04-27,Email,184.94,8902,145,2
2025-04-27,Organic,0.0,9373,311,20
2025-04-28,Google Ads,2466.2,106376,3665,245
2025-04-28,Facebook,1029.61,60432,653,52
2025-04-28,Instagram,1394.28,54014,919,72
2025-04-28,Email,345.51,13975,234,17
2025-04-28,Organic,0.0,4574,139,13
2025-04-29,Google Ads,899.23,34190,350,15
2025-04-29,Facebook,1347.56,71614,3401,182
2025-04-29,Instagram,1245.62,73572,1711,58
2025-04-29,Email,151.4,8679,271,16
2025-04-29,Organic,0.0,9914,503,14
2025-04-30,Google Ads,1123.24,43629,1698,98
2025-04-30,Facebook,1076.23,37957,1593,103
2025-04-30,Instagram,1393.07,79261,2408,179
2025-04-30,Email,197.0,9043,299,10
2025-04-30,Organic,0.0,6114,163,5
2025-05-01,Google Ads,1933.57,107774,4439,365
2025-05-01,Facebook,729.4,43563,1285,126
2025-05-01,Instagram,443.65,21558,347,11
2025-05-01,Email,84.87,4192,93,4
2025-05-01,Organic,0.0,3195,114,4
2025-05-02,Google Ads,1212.22,46417,996,40
2025-05-02,Facebook,1301.89,48974,802,26
2025-05-02,Instagram,1532.01,64259,1717,43
2025-05-02,Email,204.28,6807,290,20
2025-05-02,Organic,0.0,4406,216,13
2025-05-03,Google Ads,1228.1,61295,752,50
2025-05-03,Facebook,687.57,26098,736,43
2025-05-03,Instagram,1483.42,48022,2157,176
2025-05-03,Email,210.04,6436,204,6
2025-05-03,Organic,0.0,11051,259,7
2025-05-04,Google Ads,1282.87,69726,874,34
2025-05-04,Facebook,1445.87,72711,3529,298
2025-05-04,Instagram,1374.21,72228,1380,91
2025-05-04,Email,112.03,5183,155,13
2025-05-04,Organic,0.0,3234,185,16
2025-05-05,Google Ads,923.77,51221,1915,182
2025-05-05,Facebook,1620.04,69220,3064,70
2025-05-05,Instagram,855.79,49951,743,61
2025-05-05,Email,108.84,6434,299,21
2025-05-05,Organic,0.0,5739,204,19
2025-05-06,Google Ads,1922.9,103709,1502,132
2025-05-06,Facebook,443.44,23103,766,23
2025-05-06,Instagram,1090.91,51654,872,25
2025-05-06,Email,156.99,6777,104,6
2025-05-06,Organic,0.0,4515,136,9
2025-05-07,Google Ads,653.19,28910,290,26
2025-05-07,Facebook,1227.83,60993,1528,102
2025-05-07,Instagram,394.28,20593,399,38
2025-05-07,Email,184.51,8327,268,21
2025-05-07,Organic,0.0,8388,207,18
2025-05-08,Google Ads,1644.91,89476,4092,222
2025-05-08,Facebook,748.82,24836,388,33
2025-05-08,Instagram,535.05,27066,972,94
2025-05-08,Email,197.95,10400,481,39
2025-05-08,Organic,0.0,7746,437,20
2025-05-09,Google Ads,578.03,27106,873,84
2025-05-09,Facebook,1710.02,55003,2705,224
2025-05-09,Instagram,1130.08,55406,1405,90
2025-05-09,Email,179.44,9731,470,46
2025-05-09,Organic,0.0,5347,194,11
2025-05-10,Google Ads,1341.38,79910,2730,166
2025-05-10,Facebook,914.52,40231,1904,160
2025-05-10,Instagram,622.19,31799,1005,25
2025-05-10,Email,246.18,7902,190,6
2025-05-10,Organic,0.0,9280,461,16
2025-05-11,Google Ads,1301.26,56810,2525,157
2025-05-11,Facebook,1392.31,68943,2346,226
2025-05-11,Instagram,1539.76,85429,3459,132
2025-05-11,Email,138.61,7377,248,13
2025-05-11,Organic,0.0,6210,193,4
2025-05-12,Google Ads,1447.73,55130,2651,152
2025-05-12,Facebook,1770.82,70468,2348,228
2025-05-12,Instagram,1159.59,62055,1194,71
2025-05-12,Email,188.81,6738,316,24
2025-05-12,Organic,0.0,5786,123,4
2025-05-13,Google Ads,2062.47,105380,1509,74
2025-05-13,Facebook,1440.7,76590,1122,68
2025-05-13,Instagram,729.29,39493,698,29
2025-05-13,Email,113.18,5658,212,19
2025-05-13,Organic,0.0,3158,184,11
2025-05-14,Google Ads,1144.91,66094,2360,131
2025-05-14,Facebook,747.09,32135,1305,118
2025-05-14,Instagram,761.58,27590,366,22
2025-05-14,Email,134.47,7880,368,34
2025-05-14,Organic,0.0,8790,432,16
2025-05-15,Google Ads,709.82,27499,381,17
2025-05-15,Facebook,529.93,27072,845,71
2025-05-15,Instagram,684.03,25708,1058,57
2025-05-15,Email,335.8,17706,426,17
2025-05-15,Organic,0.0,9776,402,17
2025-05-16,Google Ads,710.27,31325,1452,92
2025-05-16,Facebook,1191.39,49760,2223,85
2025-05-16,Instagram,1220.12,69952,2440,185
2025-05-16,Email,312.38,15058,600,34
2025-05-16,Organic,0.0,4541,166,7
2025-05-17,Google Ads,1028.0,44018,1070,34
2025-05-17,Facebook,1264.11,48239,2090,208
2025-05-17,Instagram,1618.31,55505,667,65
2025-05-17,Email,169.82,5590,244,16
2025-05-17,Organic,0.0,4071,152,13
2025-05-18,Google Ads,799.45,35182,1509,132
2025-05-18,Facebook,1049.15,43197,1828,115
2025-05-18,Instagram,356.23,20835,609,15
2025-05-18,Email,346.56,10533,122,6
2025-05-18,Organic,0.0,11588,566,28
2025-05-19,Google Ads,943.48,39258,1534,84
2025-05-19,Facebook,729.03,24835,539,45
2025-05-19,Instagram,340.1,16935,771,28
2025-05-19,Email,135.71,7914,114,8
2025-05-19,Organic,0.0,9971,417,22
2025-05-20,Google Ads,859.71,41375,817,21
2025-05-20,Facebook,932.69,54731,1975,53
2025-05-20,Instagram,857.55,40062,1434,52
2025-05-20,Email,69.37,3159,41,3
2025-05-20,Organic,0.0,6981,263,16
2025-05-21,Google Ads,2301.54,84098,2933,133
2025-05-21,Facebook,378.75,16126,696,63
2025-05-21,Instagram,255.84,11228,502,23
2025-05-21,Email,384.66,13496,656,33
2025-05-21,Organic,0.0,2851,96,6
2025-05-22,Google Ads,1843.42,81269,1423,106
2025-05-22,Facebook,1467.73,49343,2283,117
2025-05-22,Instagram,1194.35,42468,974,29
2025-05-22,Email,250.68,10148,312,13
2025-05-22,Organic,0.0,3698,129,12
2025-05-23,Google Ads,2179.8,96890,2990,143
2025-05-23,Facebook,746.29,31328,706,19
2025-05-23,Instagram,1179.86,56281,2564,246
2025-05-23,Email,280.49,8543,251,22
2025-05-23,Organic,0.0,6391,130,5
2025-05-24,Google Ads,1431.9,70313,2083,70
2025-05-24,Facebook,436.59,15991,392,38
2025-05-24,Instagram,1027.78,59336,2235,72
2025-05-24,Email,242.39,12008,245,13
2025-05-24,Organic,0.0,5647,174,4
2025-05-25,Google Ads,2472.29,102714,1601,91
2025-05-25,Facebook,636.08,25980,505,19
2025-05-25,Instagram,259.48,8774,147,11
2025-05-25,Email,404.06,20411,1003,68
2025-05-25,Organic,0.0,3158,123,11
2025-05-26,Google Ads,2190.78,110397,2560,220
2025-05-26,Facebook,398.82,21574,802,30
2025-05-26,Instagram,269.81,9522,291,6
2025-05-26,Email,235.86,9868,420,28
2025-05-26,Organic,0.0,7702,304,19
2025-05-27,Google Ads,1048.75,38625,1433,120
2025-05-27,Facebook,936.04,34586,1660,145
2025-05-27,Instagram,768.59,29104,823,59
2025-05-27,Email,117.8,5338,96,8
2025-05-27,Organic,0.0,3227,69,3
2025-05-28,Google Ads,2295.3,69180,2133,119
2025-05-28,Facebook,469.01,25388,905,52
2025-05-28,Instagram,956.43,52382,1763,44
2025-05-28,Email,368.1,14953,308,7
2025-05-28,Organic,0.0,5711,185,15
2025-05-29,Google Ads,1191.98,49265,2183,178
2025-05-29,Facebook,1224.57,40842,992,81
2025-05-29,Instagram,1087.94,63695,2475,101
2025-05-29,Email,369.83,14281,433,26
2025-05-29,Organic,0.0,8424,491,25
2025-05-30,Google Ads,1708.07,59481,2361,209
2025-05-30,Facebook,1010.13,53249,1121,111
2025-05-30,Instagram,900.68,34709,1010,55
2025-05-30,Email,73.66,4286,95,2
2025-05-30,Organic,0.0,10716,598,26
2025-05-31,Google Ads,2566.74,150616,1587,78
2025-05-31,Facebook,897.91,46908,885,78
2025-05-31,Instagram,834.74,42885,1400,33
2025-05-31,Email,222.73,11030,539,36
2025-05-31,Organic,0.0,6608,391,36
2025-06-01,Google Ads,2224.98,130954,3588,208
2025-06-01,Facebook,480.74,25462,1016,82
2025-06-01,Instagram,1031.81,43266,861,67
2025-06-01,Email,226.56,10683,402,36
2025-06-01,Organic,0.0,5917,303,19
2025-06-02,Google Ads,1961.15,71824,2579,181
2025-06-02,Facebook,1438.15,83734,3065,200
2025-06-02,Instagram,279.05,10414,385,18
2025-06-02,Email,124.52,7319,134,7
2025-06-02,Organic,0.0,5865,119,6
2025-06-03,Google Ads,1582.72,66035,786,26
2025-06-03,Facebook,1594.84,76554,967,67
2025-06-03,Instagram,1175.2,40006,1248,79
2025-06-03,Email,137.61,4865,239,17
2025-06-03,Organic,0.0,4212,153,13
2025-06-04,Google Ads,1037.41,57613,967,23
2025-06-04,Facebook,541.08,19720,575,39
2025-06-04,Instagram,873.97,34309,658,45
2025-06-04,Email,86.85,4463,174,7
2025-06-04,Organic,0.0,7529,292,9
2025-06-05,Google Ads,1714.43,97737,2487,137
2025-06-05,Facebook,446.72,19994,357,10
2025-06-05,Instagram,1050.2,54296,1096,39
2025-06-05,Email,236.49,10088,301,19
2025-06-05,Organic,0.0,6604,142,4
2025-06-06,Google Ads,1291.39,46104,1598,47
2025-06-06,Facebook,544.81,28923,1425,140
2025-06-06,Instagram,936.46,30825,949,73
2025-06-06,Email,206.58,11043,385,31
2025-06-06,Organic,0.0,3325,101,5
2025-06-07,Google Ads,1123.35,42168,714,48
2025-06-07,Facebook,450.41,16252,309,20
2025-06-07,Instagram,955.3,49740,964,71
2025-06-07,Email,375.15,13624,468,13
2025-06-07,Organic,0.0,7159,189,12
2025-06-08,Google Ads,1261.71,49817,838,60
2025-06-08,Facebook,746.43,43514,1376,81
2025-06-08,Instagram,958.85,52660,1270,29
2025-06-08,Email,156.41,8382,288,13
2025-06-08,Organic,0.0,8269,488,17
2025-06-09,Google Ads,1069.58,59230,2909,232
2025-06-09,Facebook,1161.29,47400,1350,115
2025-06-09,Instagram,1206.33,56576,2697,124
2025-06-09,Email,200.69,6499,323,17
2025-06-09,Organic,0.0,4920,285,12
2025-06-10,Google Ads,2053.25,118161,1889,117
2025-06-10,Facebook,1746.11,88701,3231,292
2025-06-10,Instagram,258.59,7898,393,15
2025-06-10,Email,169.06,8062,114,6
2025-06-10,Organic,0.0,8139,189,5
2025-06-11,Google Ads,905.8,42876,832,64
2025-06-11,Facebook,492.2,28613,983,35
2025-06-11,Instagram,588.91,28777,1290,108
2025-06-11,Email,232.15,10584,472,13
2025-06-11,Organic,0.0,4117,84,4
2025-06-12,Google Ads,1384.33,48113,688,38
2025-06-12,Facebook,1564.53,90801,2701,144
2025-06-12,Instagram,491.0,26240,590,42
2025-06-12,Email,170.91,5649,256,13
2025-06-12,Organic,0.0,5260,162,9
2025-06-13,Google Ads,1451.91,53904,676,66
2025-06-13,Facebook,1499.93,70146,1235,26
2025-06-13,Instagram,717.32,36412,1409,114
2025-06-13,Email,116.51,3940,122,2
2025-06-13,Organic,0.0,7384,309,16
2025-06-14,Google Ads,1641.99,90856,3025,208
2025-06-14,Facebook,1774.0,86074,2143,158
2025-06-14,Instagram,898.1,41788,929,48
2025-06-14,Email,217.13,10923,390,30
2025-06-14,Organic,0.0,3484,96,7
2025-06-15,Google Ads,2641.66,133459,5884,547
2025-06-15,Facebook,1327.99,71993,1143,29
2025-06-15,Instagram,1388.5,54552,1199,38
2025-06-15,Email,366.49,13215,626,35
2025-06-15,Organic,0.0,3202,106,7
2025-06-16,Google Ads,974.74,39272,747,62
2025-06-16,Facebook,477.26,23848,797,21
2025-06-16,Instagram,546.79,31631,1215,63
2025-06-16,Email,181.2,7321,298,22
2025-06-16,Organic,0.0,4922,155,5
2025-06-17,Google Ads,2199.8,78417,955,87
2025-06-17,Facebook,1572.13,90992,3119,95
2025-06-17,Instagram,752.28,28247,1158,73
2025-06-17,Email,122.44,6453,272,13
2025-06-17,Organic,0.0,3070,100,5
2025-06-18,Google Ads,890.52,30661,1132,67
2025-06-18,Facebook,789.12,33022,1048,87
2025-06-18,Instagram,628.44,20294,523,48
2025-06-18,Email,302.23,14418,395,26
2025-06-18,Organic,0.0,8681,436,8
2025-06-19,Google Ads,2046.45,92557,2646,132
2025-06-19,Facebook,793.27,36955,751,67
2025-06-19,Instagram,1342.81,48160,2079,206
2025-06-19,Email,74.64,3349,58,1
2025-06-19,Organic,0.0,6150,306,9
2025-06-20,Google Ads,1897.88,93908,1904,90
2025-06-20,Facebook,674.88,25817,703,33
2025-06-20,Instagram,591.84,29200,959,57
2025-06-20,Email,89.48,4949,238,13
2025-06-20,Organic,0.0,4116,167,10
2025-06-21,Google Ads,1748.47,82870,1512,122
2025-06-21,Facebook,1124.34,42140,1909,52
2025-06-21,Instagram,816.99,37723,1501,81
2025-06-21,Email,161.73,8995,161,10
2025-06-21,Organic,0.0,7322,246,23
2025-06-22,Google Ads,2728.18,155614,4840,252
2025-06-22,Facebook,2102.05,87809,2125,142
2025-06-22,Instagram,1044.49,43999,1073,47
2025-06-22,Email,363.82,18842,622,48
2025-06-22,Organic,0.0,4613,210,16
2025-06-23,Google Ads,1836.75,109328,3179,233
2025-06-23,Facebook,1231.76,59968,2600,122
2025-06-23,Instagram,1125.57,40328,1220,32
2025-06-23,Email,238.68,10012,348,25
2025-06-23,Organic,0.0,5018,267,19
2025-06-24,Google Ads,2005.28,111930,1124,37
2025-06-24,Facebook,1112.05,37319,1357,118
2025-06-24,Instagram,833.55,35013,1168,31
2025-06-24,Email,298.48,15779,567,19
2025-06-24,Organic,0.0,5034,291,18
2025-06-25,Google Ads,2131.39,71736,2021,130
2025-06-25,Facebook,1484.84,78049,1879,125
2025-06-25,Instagram,323.51,16164,457,23
2025-06-25,Email,177.16,10520,117,10
2025-06-25,Organic,0.0,6175,200,14
2025-06-26,Google Ads,2072.37,70774,1950,101
2025-06-26,Facebook,667.62,35742,1431,83
2025-06-26,Instagram,320.08,14371,644,46
2025-06-26,Email,236.47,8684,412,21
2025-06-26,Organic,0.0,5042,106,8
2025-06-27,Google Ads,1890.32,73555,1913,79
2025-06-27,Facebook,1150.23,68823,2372,214
2025-06-27,Instagram,1146.09,46262,1428,116
2025-06-27,Email,156.99,7612,363,20
2025-06-27,Organic,0.0,6663,324,17
2025-06-28,Google Ads,1452.24,70552,1609,72
2025-06-28,Facebook,838.23,47889,990,30
2025-06-28,Instagram,1242.48,41527,522,26
2025-06-28,Email,154.91,7181,89,7
2025-06-28,Organic,0.0,5759,245,14
2025-06-29,Google Ads,2128.55,85744,1810,172
2025-06-29,Facebook,1018.28,53293,2345,223
2025-06-29,Instagram,616.58,26733,909,61
2025-06-29,Email,184.63,6551,307,25
2025-06-29,Organic,0.0,4724,270,14
2025-06-30,Google Ads,1922.71,101039,4749,193
2025-06-30,Facebook,1092.39,48021,2062,85
2025-06-30,Instagram,1092.12,44387,516,45
2025-06-30,Email,67.92,3328,128,7
2025-06-30,Organic,0.0,2929,80,3
2025-07-01,Google Ads,1735.64,91656,2001,193
2025-07-01,Facebook,852.84,27113,469,31
2025-07-01,Instagram,1143.0,68571,979,31
2025-07-01,Email,109.61,4893,236,5
2025-07-01,Organic,0.0,3347,164,12
2025-07-02,Google Ads,2052.62,73158,1955,90
2025-07-02,Facebook,1020.84,58852,2723,254
2025-07-02,Instagram,1218.29,60607,2224,50
2025-07-02,Email,101.92,5425,88,3
2025-07-02,Organic,0.0,5507,180,8
2025-07-03,Google Ads,1987.02,116538,1351,93
2025-07-03,Facebook,1321.93,57667,1258,43
2025-07-03,Instagram,293.04,12999,587,34
2025-07-03,Email,196.0,8062,241,12
2025-07-03,Organic,0.0,3205,144,7
2025-07-04,Google Ads,1527.89,50234,2030,137
2025-07-04,Facebook,1403.79,42714,1605,90
2025-07-04,Instagram,346.08,12171,585,23
2025-07-04,Email,281.55,13352,314,7
2025-07-04,Organic,0.0,2562,53,3
2025-07-05,Google Ads,654.05,35095,1500,86
2025-07-05,Facebook,1429.42,69597,2952,144
2025-07-05,Instagram,720.07,39082,1110,24
2025-07-05,Email,132.46,6507,87,3
2025-07-05,Organic,0.0,8627,517,48
2025-07-06,Google Ads,2441.09,97560,3247,182
2025-07-06,Facebook,1825.73,66561,2008,130
2025-07-06,Instagram,725.25,43169,1537,121
2025-07-06,Email,222.06,9222,294,21
2025-07-06,Organic,0.0,7681,321,13
2025-07-07,Google Ads,1036.57,40976,1660,72
2025-07-07,Facebook,1455.02,81751,1054,79
2025-07-07,Instagram,312.58,12302,562,43
2025-07-07,Email,59.72,2208,28,0
2025-07-07,Organic,0.0,4830,187,7
2025-07-08,Google Ads,632.4,31615,502,13
2025-07-08,Facebook,1155.43,64194,1844,106
2025-07-08,Instagram,395.57,23381,590,19
2025-07-08,Email,163.81,8612,116,7
2025-07-08,Organic,0.0,2151,117,2
2025-07-09,Google Ads,695.79,23899,391,31
2025-07-09,Facebook,924.63,31277,1164,80
2025-07-09,Instagram,548.05,31712,1365,30
2025-07-09,Email,248.51,12663,317,10
2025-07-09,Organic,0.0,2877,139,6
2025-07-10,Google Ads,1090.92,47034,1549,108
2025-07-10,Facebook,949.25,40053,1914,101
2025-07-10,Instagram,560.36,23096,398,14
2025-07-10,Email,125.35,4218,204,14
2025-07-10,Organic,0.0,2323,75,6
2025-07-11,Google Ads,844.13,46492,1951,60
2025-07-11,Facebook,1455.47,75982,2818,239
2025-07-11,Instagram,215.25,8176,401,28
2025-07-11,Email,207.56,10690,119,11
2025-07-11,Organic,0.0,4650,247,24
2025-07-12,Google Ads,1371.26,61466,1806,51
2025-07-12,Facebook,1183.91,56674,1208,61
2025-07-12,Instagram,1306.3,53032,1368,116
2025-07-12,Email,278.56,13593,616,57
2025-07-12,Organic,0.0,8314,180,8
2025-07-13,Google Ads,2181.22,85060,1461,52
2025-07-13,Facebook,1134.15,48467,2306,210
2025-07-13,Instagram,463.48,22112,937,92
2025-07-13,Email,95.21,4576,132,3
2025-07-13,Organic,0.0,8351,300,11
2025-07-14,Google Ads,1395.27,82110,3536,271
2025-07-14,Facebook,1563.56,81764,3321,292
2025-07-14,Instagram,1084.17,64223,727,61
2025-07-14,Email,70.47,2553,122,6
2025-07-14,Organic,0.0,2126,107,2
2025-07-15,Google Ads,1013.13,31319,1084,48
2025-07-15,Facebook,362.84,16088,664,57
2025-07-15,Instagram,525.86,21393,984,81
2025-07-15,Email,233.4,8621,129,8
2025-07-15,Organic,0.0,2654,83,5
2025-07-16,Google Ads,2087.84,93553,2048,99
2025-07-16,Facebook,821.92,46262,1861,108
2025-07-16,Instagram,816.76,41617,1901,171
2025-07-16,Email,51.07,2909,89,6
2025-07-16,Organic,0.0,2848,99,2
2025-07-17,Google Ads,1566.73,86961,3458,334
2025-07-17,Facebook,1182.35,56545,955,33
2025-07-17,Instagram,410.7,23972,373,18
2025-07-17,Email,181.86,6172,118,3
2025-07-17,Organic,0.0,3659,168,10
2025-07-18,Google Ads,884.62,38464,466,39
2025-07-18,Facebook,690.41,26656,1025,89
2025-07-18,Instagram,402.97,12328,302,27
2025-07-18,Email,67.08,2951,147,4
2025-07-18,Organic,0.0,7156,209,8
2025-07-19,Google Ads,2131.38,73729,2232,48
2025-07-19,Facebook,607.13,18681,562,32
2025-07-19,Instagram,952.01,54150,2213,96
2025-07-19,Email,365.81,12738,229,6
2025-07-19,Organic,0.0,4933,168,3
2025-07-20,Google Ads,1742.84,63293,1597,136
2025-07-20,Facebook,835.99,45013,1064,54
2025-07-20,Instagram,330.65,12656,445,14
2025-07-20,Email,252.9,14182,387,9
2025-07-20,Organic,0.0,5650,148,10
2025-07-21,Google Ads,1699.41,76761,2219,182
2025-07-21,Facebook,1495.91,79702,1987,142
2025-07-21,Instagram,869.62,26573,996,48
2025-07-21,Email,195.16,9875,465,23
2025-07-21,Organic,0.0,5223,125,3
2025-07-22,Google Ads,1989.2,76870,3590,224
2025-07-22,Facebook,1447.51,67918,679,60
2025-07-22,Instagram,1013.14,31975,1388,95
2025-07-22,Email,226.93,10385,292,20
2025-07-22,Organic,0.0,2222,129,11
2025-07-23,Google Ads,1199.47,41222,721,50
2025-07-23,Facebook,605.51,22071,624,38
2025-07-23,Instagram,267.68,8271,87,7
2025-07-23,Email,79.79,4528,187,16
2025-07-23,Organic,0.0,7527,304,7
2025-07-24,Google Ads,856.04,42868,706,66
2025-07-24,Facebook,417.81,19224,482,22
2025-07-24,Instagram,947.82,32177,1028,24
2025-07-24,Email,197.71,11525,386,29
2025-07-24,Organic,0.0,5442,110,3
2025-07-25,Google Ads,560.28,18072,889,29
2025-07-25,Facebook,513.88,26986,407,14
2025-07-25,Instagram,357.21,17750,234,13
2025-07-25,Email,150.06,6602,205,9
2025-07-25,Organic,0.0,8573,221,20
2025-07-26,Google Ads,1793.61,71586,2061,106
2025-07-26,Facebook,1605.33,94007,1080,51
2025-07-26,Instagram,583.26,31874,508,31
2025-07-26,Email,171.93,10132,291,18
2025-07-26,Organic,0.0,2908,128,5
2025-07-27,Google Ads,2187.99,116524,3452,245
2025-07-27,Facebook,1380.95,70582,3422,311
2025-07-27,Instagram,1352.14,42158,1169,81
2025-07-27,Email,261.29,11804,442,26
2025-07-27,Organic,0.0,9211,485,14
2025-07-28,Google Ads,539.73,23633,584,54
2025-07-28,Facebook,722.57,32128,879,82
2025-07-28,Instagram,210.52,8007,335,27
2025-07-28,Email,58.31,2239,97,7
2025-07-28,Organic,0.0,2640,65,4
2025-07-29,Google Ads,597.99,21401,914,81
2025-07-29,Facebook,471.68,14920,566,30
2025-07-29,Instagram,943.68,34631,1467,36
2025-07-29,Email,124.82,4917,63,5
2025-07-29,Organic,0.0,3821,91,7
2025-07-30,Google Ads,2107.28,104325,3498,103
2025-07-30,Facebook,1135.19,54598,1411,138
2025-07-30,Instagram,267.46,13908,299,15
2025-07-30,Email,183.91,9964,480,18
2025-07-30,Organic,0.0,4639,166,9
2025-07-31,Google Ads,984.58,49755,2060,122
2025-07-31,Facebook,325.7,14683,216,21
2025-07-31,Instagram,272.05,10810,539,20
2025-07-31,Email,149.83,6339,288,11
2025-07-31,Organic,0.0,1808,37,3
2025-08-01,Google Ads,470.03,18844,619,28
2025-08-01,Facebook,1234.75,66961,3010,208
2025-08-01,Instagram,638.42,36254,1579,101
2025-08-01,Email,66.29,2576,43,3
2025-08-01,Organic,0.0,5428,114,10
2025-08-02,Google Ads,1046.8,47256,1038,30
2025-08-02,Facebook,1296.33,50786,1826,66
2025-08-02,Instagram,1108.15,45006,954,94
2025-08-02,Email,241.73,8909,376,16
2025-08-02,Organic,0.0,3583,196,17
2025-08-03,Google Ads,1842.07,107667,3221,298
2025-08-03,Facebook,1292.81,69701,2640,222
2025-08-03,Instagram,511.94,15399,526,21
2025-08-03,Email,294.93,9795,308,20
2025-08-03,Organic,0.0,5368,162,11
2025-08-04,Google Ads,1531.4,49441,584,29
2025-08-04,Facebook,855.64,40377,591,22
2025-08-04,Instagram,589.0,32768,1198,66
2025-08-04,Email,62.13,1976,66,1
2025-08-04,Organic,0.0,4965,236,10
2025-08-05,Google Ads,1322.07,62525,2084,183
2025-08-05,Facebook,240.31,9925,164,8
2025-08-05,Instagram,530.27,23560,671,20
2025-08-05,Email,173.57,9220,123,5
2025-08-05,Organic,0.0,2768,148,3
2025-08-06,Google Ads,1509.65,70084,2961,192
2025-08-06,Facebook,632.17,19055,329,18
2025-08-06,Instagram,638.46,26640,997,26
2025-08-06,Email,188.5,9602,308,28
2025-08-06,Organic,0.0,6389,146,10
2025-08-07,Google Ads,900.17,36067,1764,109
2025-08-07,Facebook,1044.32,34353,419,40
2025-08-07,Instagram,667.71,22577,995,90
2025-08-07,Email,81.82,2917,30,2
2025-08-07,Organic,0.0,4411,192,14
2025-08-08,Google Ads,1355.43,65224,2672,176
2025-08-08,Facebook,705.54,34776,1170,47
2025-08-08,Instagram,483.73,21629,621,13
2025-08-08,Email,267.34,12481,557,40
2025-08-08,Organic,0.0,6623,200,12
2025-08-09,Google Ads,670.11,36044,1618,77
2025-08-09,Facebook,841.42,47976,1752,138
2025-08-09,Instagram,633.25,37225,1306,85
2025-08-09,Email,148.02,7118,100,7
2025-08-09,Organic,0.0,3805,221,10
2025-08-10,Google Ads,1103.96,51520,2506,77
2025-08-10,Facebook,1020.01,32534,403,18
2025-08-10,Instagram,844.45,31481,697,48
2025-08-10,Email,186.11,7668,248,6
2025-08-10,Organic,0.0,6657,217,8
2025-08-11,Google Ads,727.06,38714,1003,72
2025-08-11,Facebook,861.78,31534,562,50
2025-08-11,Instagram,230.29,10557,380,16
2025-08-11,Email,222.23,10172,382,15
2025-08-11,Organic,0.0,1722,95,2
2025-08-12,Google Ads,1169.74,60380,2034,53
2025-08-12,Facebook,806.66,44330,1771,146
2025-08-12,Instagram,757.17,41961,1905,173
2025-08-12,Email,58.58,3299,144,12
2025-08-12,Organic,0.0,1881,63,1
2025-08-13,Google Ads,634.44,28999,489,34
2025-08-13,Facebook,576.92,30706,545,32
2025-08-13,Instagram,679.34,23612,899,70
2025-08-13,Email,76.42,4339,139,9
2025-08-13,Organic,0.0,4271,154,12
2025-08-14,Google Ads,554.53,18466,316,19
2025-08-14,Facebook,1180.96,68745,1453,121
2025-08-14,Instagram,190.39,10358,480,30
2025-08-14,Email,230.43,7615,224,8
2025-08-14,Organic,0.0,6386,280,7
2025-08-15,Google Ads,513.48,30321,566,13
2025-08-15,Facebook,970.55,55973,1745,121
2025-08-15,Instagram,569.95,19341,211,18
2025-08-15,Email,193.99,8986,325,9
2025-08-15,Organic,0.0,5835,322,26
2025-08-16,Google Ads,1573.16,89789,3436,84
2025-08-16,Facebook,766.3,37696,1454,139
2025-08-16,Instagram,883.12,33633,1396,96
2025-08-16,Email,219.84,7010,224,17
2025-08-16,Organic,0.0,6691,281,10
2025-08-17,Google Ads,732.67,39324,723,37
2025-08-17,Facebook,678.16,20600,300,19
2025-08-17,Instagram,560.98,18936,550,46
2025-08-17,Email,128.11,7568,236,10
2025-08-17,Organic,0.0,2909,122,8
2025-08-18,Google Ads,499.27,26928,657,24
2025-08-18,Facebook,808.97,42204,1049,25
2025-08-18,Instagram,222.14,10711,191,7
2025-08-18,Email,73.48,2349,78,6
2025-08-18,Organic,0.0,1751,100,4
2025-08-19,Google Ads,1394.07,81807,965,56
2025-08-19,Facebook,307.79,16982,211,17
2025-08-19,Instagram,839.13,31263,472,14
2025-08-19,Email,209.74,9811,154,5
2025-08-19,Organic,0.0,7235,264,25
2025-08-20,Google Ads,544.54,29000,1397,130
2025-08-20,Facebook,1169.08,66994,2564,115
2025-08-20,Instagram,945.58,41180,1779,124
2025-08-20,Email,140.62,5931,163,14
2025-08-20,Organic,0.0,2499,133,5
2025-08-21,Google Ads,480.32,25036,1238,121
2025-08-21,Facebook,477.66,17901,431,16
2025-08-21,Instagram,883.23,33097,1135,27
2025-08-21,Email,159.76,9385,123,5
2025-08-21,Organic,0.0,4209,208,7
2025-08-22,Google Ads,1112.32,44484,696,58
2025-08-22,Facebook,365.2,15038,667,38
2025-08-22,Instagram,1021.87,50793,1094,91
2025-08-22,Email,230.63,7323,331,12
2025-08-22,Organic,0.0,3668,181,10
2025-08-23,Google Ads,1437.11,74056,3254,277
2025-08-23,Facebook,1030.1,34097,987,67
2025-08-23,Instagram,218.61,10991,527,37
2025-08-23,Email,53.41,2419,85,3
2025-08-23,Organic,0.0,2722,160,11
2025-08-24,Google Ads,655.84,30674,762,21
2025-08-24,Facebook,285.23,16861,308,19
2025-08-24,Instagram,537.37,25401,1164,100
2025-08-24,Email,261.07,12325,496,34
2025-08-24,Organic,0.0,5978,302,25
2025-08-25,Google Ads,1381.76,60278,2638,187
2025-08-25,Facebook,1304.79,67490,3279,246
2025-08-25,Instagram,1077.39,60739,738,24
2025-08-25,Email,192.39,9022,227,19
2025-08-25,Organic,0.0,6527,282,26
2025-08-26,Google Ads,625.66,31713,851,84
2025-08-26,Facebook,1002.39,35572,397,32
2025-08-26,Instagram,660.74,19928,241,14
2025-08-26,Email,108.91,5356,229,17
2025-08-26,Organic,0.0,5505,202,18
2025-08-27,Google Ads,445.23,16343,783,60
2025-08-27,Facebook,745.16,44477,2005,187
2025-08-27,Instagram,420.11,14149,669,29
2025-08-27,Email,156.68,6921,300,20
2025-08-27,Organic,0.0,3748,185,17
2025-08-28,Google Ads,991.58,34741,679,29
2025-08-28,Facebook,729.75,30204,384,26
2025-08-28,Instagram,341.57,14893,701,56
2025-08-28,Email,187.44,10731,396,24
2025-08-28,Organic,0.0,7235,395,9
2025-08-29,Google Ads,1310.31,45472,1256,49
2025-08-29,Facebook,323.89,18269,772,52
2025-08-29,Instagram,749.62,44697,1918,166
2025-08-29,Email,78.56,4291,132,11
2025-08-29,Organic,0.0,6475,232,4
2025-08-30,Google Ads,1434.36,62578,1125,39
2025-08-30,Facebook,794.55,24966,501,40
2025-08-30,Instagram,762.69,24926,692,28
2025-08-30,Email,247.64,9464,270,9
2025-08-30,Organic,0.0,7951,428,12
2025-08-31,Google Ads,1408.11,76512,3585,299
2025-08-31,Facebook,946.25,40680,1043,80
2025-08-31,Instagram,803.09,32183,512,50
2025-08-31,Email,211.61,7949,159,10
2025-08-31,Organic,0.0,2903,168,9
2025-09-01,Google Ads,995.15,37557,1717,126
2025-09-01,Facebook,658.76,28430,818,19
2025-09-01,Instagram,896.3,35654,454,29
2025-09-01,Email,82.06,3754,108,4
2025-09-01,Organic,0.0,5541,216,11
2025-09-02,Google Ads,1356.04,70626,3362,236
2025-09-02,Facebook,469.23,23918,300,7
2025-09-02,Instagram,869.58,42297,1347,108
2025-09-02,Email,73.84,2281,62,2
2025-09-02,Organic,0.0,5828,320,15
2025-09-03,Google Ads,617.95,29152,1280,92
2025-09-03,Facebook,647.2,19756,451,39
2025-09-03,Instagram,635.29,35161,1385,47
2025-09-03,Email,169.72,9068,259,25
2025-09-03,Organic,0.0,6167,354,23
2025-09-04,Google Ads,584.59,23278,320,26
2025-09-04,Facebook,866.58,31948,1083,34
2025-09-04,Instagram,488.85,28642,519,13
2025-09-04,Email,202.34,10339,483,40
2025-09-04,Organic,0.0,2013,45,2
2025-09-05,Google Ads,1246.4,45309,1944,178
2025-09-05,Facebook,459.26,18210,263,6
2025-09-05,Instagram,210.41,11546,546,32
2025-09-05,Email,77.69,2880,136,12
2025-09-05,Organic,0.0,2868,166,13
2025-09-06,Google Ads,1746.66,56731,2237,140
2025-09-06,Facebook,229.05,11420,473,39
2025-09-06,Instagram,847.46,34237,1036,40
2025-09-06,Email,258.65,13892,453,15
2025-09-06,Organic,0.0,4593,113,6
2025-09-07,Google Ads,769.35,27814,670,29
2025-09-07,Facebook,274.14,12467,405,14
2025-09-07,Instagram,576.28,25470,801,41
2025-09-07,Email,133.94,6958,237,21
2025-09-07,Organic,0.0,5532,164,6
2025-09-08,Google Ads,475.21,22555,615,55
2025-09-08,Facebook,594.36,31305,410,14
2025-09-08,Instagram,231.12,12624,297,19
2025-09-08,Email,150.24,8982,363,9
2025-09-08,Organic,0.0,4361,122,10
2025-09-09,Google Ads,433.68,24553,445,30
2025-09-09,Facebook,1000.79,59483,2847,163
2025-09-09,Instagram,388.79,18192,780,67
2025-09-09,Email,133.91,6368,136,8
2025-09-09,Organic,0.0,2428,87,2
2025-09-10,Google Ads,1536.36,70100,2975,122
2025-09-10,Facebook,797.83,35841,1400,139
2025-09-10,Instagram,614.32,35706,395,35
2025-09-10,Email,107.61,4952,63,2
2025-09-10,Organic,0.0,6488,222,10
2025-09-11,Google Ads,942.37,44987,1765,82
2025-09-11,Facebook,676.11,25096,537,29
2025-09-11,Instagram,233.14,7808,304,27
2025-09-11,Email,82.59,4930,112,3
2025-09-11,Organic,0.0,1906,99,6
2025-09-12,Google Ads,504.02,15739,337,14
2025-09-12,Facebook,323.37,18781,864,47
2025-09-12,Instagram,795.55,34315,861,22
2025-09-12,Email,134.69,5045,238,11
2025-09-12,Organic,0.0,4025,196,8
2025-09-13,Google Ads,725.54,36062,563,40
2025-09-13,Facebook,1225.93,63223,1383,31
2025-09-13,Instagram,602.17,22573,641,38
2025-09-13,Email,76.53,2687,72,5
2025-09-13,Organic,0.0,6208,205,11
2025-09-14,Google Ads,402.73,17827,427,40
2025-09-14,Facebook,488.05,25660,470,30
2025-09-14,Instagram,862.26,31382,582,56
2025-09-14,Email,151.44,6030,151,8
2025-09-14,Organic,0.0,3663,107,3
2025-09-15,Google Ads,1299.28,60603,2624,60
2025-09-15,Facebook,959.52,52075,901,84
2025-09-15,Instagram,467.11,21952,533,25
2025-09-15,Email,62.59,2813,29,1
2025-09-15,Organic,0.0,2142,62,1
2025-09-16,Google Ads,1128.89,42482,1641,33
2025-09-16,Facebook,870.67,49618,2089,127
2025-09-16,Instagram,293.3,9003,222,20
2025-09-16,Email,155.02,7173,219,13
2025-09-16,Organic,0.0,4090,126,11
2025-09-17,Google Ads,624.98,36626,1214,99
2025-09-17,Facebook,476.56,26716,575,16
2025-09-17,Instagram,718.37,35888,1411,93
2025-09-17,Email,161.42,4932,90,3
2025-09-17,Organic,0.0,1982,93,8
2025-09-18,Google Ads,704.2,29491,1220,75
2025-09-18,Facebook,255.71,10144,258,20
2025-09-18,Instagram,472.55,14455,226,22
2025-09-18,Email,33.28,1227,28,1
2025-09-18,Organic,0.0,2880,77,3
2025-09-19,Google Ads,998.71,52197,2222,160
2025-09-19,Facebook,263.14,7911,207,9
2025-09-19,Instagram,358.54,11567,394,9
2025-09-19,Email,65.07,3829,163,9
2025-09-19,Organic,0.0,2200,129,3
2025-09-20,Google Ads,1395.32,76935,2599,222
2025-09-20,Facebook,722.22,31435,1050,87
2025-09-20,Instagram,347.52,16030,410,20
2025-09-20,Email,189.29,9729,361,7
2025-09-20,Organic,0.0,6913,256,17
2025-09-21,Google Ads,1239.31,57948,1698,86
2025-09-21,Facebook,1133.19,40444,1094,80
2025-09-21,Instagram,903.69,37546,1220,26
2025-09-21,Email,129.64,6941,268,25
2025-09-21,Organic,0.0,5050,189,12
2025-09-22,Google Ads,1137.9,48399,2376,145
2025-09-22,Facebook,733.09,28435,444,12
2025-09-22,Instagram,833.02,34781,1173,67
2025-09-22,Email,131.31,6604,264,5
2025-09-22,Organic,0.0,4280,168,10
2025-09-23,Google Ads,1392.43,52166,1852,166
2025-09-23,Facebook,519.92,23031,568,51
2025-09-23,Instagram,547.19,22237,323,7
2025-09-23,Email,81.08,3236,53,5
2025-09-23,Organic,0.0,5860,264,11
2025-09-24,Google Ads,1380.49,62516,1996,129
2025-09-24,Facebook,883.59,45359,2010,155
2025-09-24,Instagram,147.45,5735,165,12
2025-09-24,Email,110.81,5092,229,10
2025-09-24,Organic,0.0,3167,85,5
2025-09-25,Google Ads,703.17,24941,537,33
2025-09-25,Facebook,874.92,51329,1260,107
2025-09-25,Instagram,656.7,26719,1182,71
2025-09-25,Email,154.27,5583,246,11
2025-09-25,Organic,0.0,3179,155,3
2025-09-26,Google Ads,798.14,26328,533,26
2025-09-26,Facebook,567.65,23508,953,43
2025-09-26,Instagram,818.47,47494,1892,72
2025-09-26,Email,43.98,2080,49,3
2025-09-26,Organic,0.0,5813,168,6
2025-09-27,Google Ads,1479.57,56845,889,85
2025-09-27,Facebook,1065.09,35056,1711,106
2025-09-27,Instagram,923.6,30086,425,37
2025-09-27,Email,65.77,3499,152,8
2025-09-27,Organic,0.0,4794,234,13
2025-09-28,Google Ads,1509.16,78273,1546,116
2025-09-28,Facebook,940.28,34196,1026,76
2025-09-28,Instagram,487.41,20627,946,87
2025-09-28,Email,140.77,7960,147,11
2025-09-28,Organic,0.0,4293,168,8
2025-09-29,Google Ads,1069.09,48571,1201,34
2025-09-29,Facebook,1066.68,55827,1525,34
2025-09-29,Instagram,228.45,8990,231,6
2025-09-29,Email,192.58,8024,335,7
2025-09-29,Organic,0.0,1708,69,2
2025-09-30,Google Ads,918.78,30977,802,70
2025-09-30,Facebook,573.48,29191,1326,37
2025-09-30,Instagram,719.43,27710,560,50
2025-09-30,Email,161.01,5169,228,18
2025-09-30,Organic,0.0,4301,248,8
2025-10-01,Google Ads,1268.24,72894,1159,94
2025-10-01,Facebook,1027.71,60127,2467,105
2025-10-01,Instagram,433.43,24744,874,62
2025-10-01,Email,208.43,11086,460,19
2025-10-01,Organic,0.0,1395,79,7
2025-10-02,Google Ads,358.75,16164,693,56
2025-10-02,Facebook,379.31,18665,216,15
2025-10-02,Instagram,488.03,29028,561,14
2025-10-02,Email,118.9,5322,230,22
2025-10-02,Organic,0.0,5514,116,2
2025-10-03,Google Ads,865.53,31149,1132,59
2025-10-03,Facebook,742.09,43657,2157,116
2025-10-03,Instagram,883.39,44657,800,18
2025-10-03,Email,122.59,3863,170,16
2025-10-03,Organic,0.0,5289,275,25
2025-10-04,Google Ads,690.67,35621,1099,39
2025-10-04,Facebook,1088.89,43914,1842,105
2025-10-04,Instagram,380.91,17603,851,19
2025-10-04,Email,195.1,7907,131,10
2025-10-04,Organic,0.0,3851,192,10
2025-10-05,Google Ads,465.58,26254,359,19
2025-10-05,Facebook,827.53,28065,643,20
2025-10-05,Instagram,665.47,25448,632,50
2025-10-05,Email,169.08,6240,278,12
2025-10-05,Organic,0.0,3505,111,6
2025-10-06,Google Ads,1402.0,69577,1490,68
2025-10-06,Facebook,886.06,33104,903,64
2025-10-06,Instagram,423.2,18087,759,37
2025-10-06,Email,108.47,6449,171,9
2025-10-06,Organic,0.0,1509,72,4
2025-10-07,Google Ads,1280.4,49393,1604,64
2025-10-07,Facebook,1015.3,42124,1158,92
2025-10-07,Instagram,418.6,21324,920,82
2025-10-07,Email,117.79,6706,140,10
2025-10-07,Organic,0.0,4410,151,5
2025-10-08,Google Ads,1467.42,84696,3984,369
2025-10-08,Facebook,770.7,26176,467,15
2025-10-08,Instagram,683.65,33851,1370,39
2025-10-08,Email,129.84,4699,187,8
2025-10-08,Organic,0.0,3541,78,4
2025-10-09,Google Ads,1119.95,34169,1097,39
2025-10-09,Facebook,506.07,25481,604,40
2025-10-09,Instagram,157.52,6194,149,12
2025-10-09,Email,226.44,7965,317,30
2025-10-09,Organic,0.0,3993,112,6
2025-10-10,Google Ads,1417.98,48378,1208,80
2025-10-10,Facebook,228.76,13156,248,20
2025-10-10,Instagram,653.48,27122,562,12
2025-10-10,Email,164.45,5347,230,12
2025-10-10,Organic,0.0,3922,137,6
2025-10-11,Google Ads,1402.18,61932,2483,68
2025-10-11,Facebook,730.12,37831,910,62
2025-10-11,Instagram,948.35,28489,814,65
2025-10-11,Email,52.77,2487,45,1
2025-10-11,Organic,0.0,6522,251,5
2025-10-12,Google Ads,571.48,25363,860,53
2025-10-12,Facebook,802.64,39616,523,36
2025-10-12,Instagram,368.38,21781,1031,32
2025-10-12,Email,92.97,4398,105,5
2025-10-12,Organic,0.0,2321,135,10
2025-10-13,Google Ads,437.73,16229,245,20
2025-10-13,Facebook,1054.7,41120,1409,44
2025-10-13,Instagram,901.92,39528,1733,170
2025-10-13,Email,65.09,2394,111,7
2025-10-13,Organic,0.0,2932,133,11
2025-10-14,Google Ads,604.87,33760,1001,27
2025-10-14,Facebook,514.59,25426,1115,90
2025-10-14,Instagram,278.37,10313,463,23
2025-10-14,Email,150.77,6465,315,13
2025-10-14,Organic,0.0,3405,98,7
2025-10-15,Google Ads,1319.91,54176,1122,73
2025-10-15,Facebook,705.73,40898,1109,34
2025-10-15,Instagram,875.1,29047,1271,88
2025-10-15,Email,45.82,2200,54,2
2025-10-15,Organic,0.0,3954,234,15
2025-10-16,Google Ads,1180.82,35493,1530,88
2025-10-16,Facebook,674.17,25538,674,38
2025-10-16,Instagram,439.35,14340,403,25
2025-10-16,Email,88.87,4892,182,6
2025-10-16,Organic,0.0,1876,85,6
2025-10-17,Google Ads,1443.53,69378,2938,250
2025-10-17,Facebook,709.2,36154,647,44
2025-10-17,Instagram,345.35,19996,202,15
2025-10-17,Email,186.08,10959,495,29
2025-10-17,Organic,0.0,1404,79,3
2025-10-18,Google Ads,1467.24,78477,3741,114
2025-10-18,Facebook,953.9,35820,1652,109
2025-10-18,Instagram,590.78,32089,809,37
2025-10-18,Email,146.58,5907,148,7
2025-10-18,Organic,0.0,4061,94,4
2025-10-19,Google Ads,1231.4,53615,2421,112
2025-10-19,Facebook,672.19,33113,778,51
2025-10-19,Instagram,614.48,19485,920,78
2025-10-19,Email,191.11,10955,545,44
2025-10-19,Organic,0.0,5920,239,11
2025-10-20,Google Ads,456.25,25047,665,64
2025-10-20,Facebook,1042.69,58495,1332,131
2025-10-20,Instagram,732.3,34169,361,29
2025-10-20,Email,56.08,3252,148,12
2025-10-20,Organic,0.0,3940,135,12
2025-10-21,Google Ads,670.55,36805,409,23
2025-10-21,Facebook,692.8,39000,542,13
2025-10-21,Instagram,139.05,7258,248,14
2025-10-21,Email,225.16,7353,158,10
2025-10-21,Organic,0.0,4342,112,8
2025-10-22,Google Ads,1228.47,69469,2265,101
2025-10-22,Facebook,452.26,14953,474,33
2025-10-22,Instagram,559.14,25874,880,69
2025-10-22,Email,45.98,1519,59,3
2025-10-22,Organic,0.0,2435,51,5
2025-10-23,Google Ads,656.29,37039,1667,133
2025-10-23,Facebook,667.45,33337,1622,147
2025-10-23,Instagram,158.87,4786,169,7
2025-10-23,Email,80.82,3623,151,12
2025-10-23,Organic,0.0,4014,115,11
2025-10-24,Google Ads,1235.69,73009,985,31
2025-10-24,Facebook,495.54,27706,1144,103
2025-10-24,Instagram,570.14,21691,666,29
2025-10-24,Email,81.59,3192,129,6
2025-10-24,Organic,0.0,3212,173,16
2025-10-25,Google Ads,1611.76,76210,1275,120
2025-10-25,Facebook,1207.16,43759,1611,148
2025-10-25,Instagram,752.96,36975,1284,65
2025-10-25,Email,200.31,11474,136,13
2025-10-25,Organic,0.0,1731,57,1
2025-10-26,Google Ads,627.48,31696,1573,67
2025-10-26,Facebook,838.91,38646,1287,114
2025-10-26,Instagram,770.08,27971,1024,40
2025-10-26,Email,58.25,2563,85,7
2025-10-26,Organic,0.0,4570,251,17
2025-10-27,Google Ads,416.5,16793,691,44
2025-10-27,Facebook,888.45,30463,425,41
2025-10-27,Instagram,315.87,16214,436,27
2025-10-27,Email,207.78,7356,264,6
2025-10-27,Organic,0.0,3029,136,8
2025-10-28,Google Ads,556.17,21088,885,52
2025-10-28,Facebook,877.1,38941,1363,72
2025-10-28,Instagram,685.87,32641,415,27
2025-10-28,Email,207.92,7314,193,16
2025-10-28,Organic,0.0,5347,149,10
2025-10-29,Google Ads,1099.17,54056,2206,151
2025-10-29,Facebook,627.01,28835,1058,37
2025-10-29,Instagram,735.62,22423,751,58
2025-10-29,Email,73.27,3416,106,3
2025-10-29,Organic,0.0,1982,86,3
2025-10-30,Google Ads,1057.85,32967,346,13
2025-10-30,Facebook,712.47,24221,1095,92
2025-10-30,Instagram,711.48,26091,1234,24
2025-10-30,Email,69.14,3255,37,2
2025-10-30,Organic,0.0,5035,170,15
2025-10-31,Google Ads,913.79,52789,2359,214
2025-10-31,Facebook,238.46,11028,367,29
2025-10-31,Instagram,257.41,7800,381,25
2025-10-31,Email,170.41,5913,282,27
2025-10-31,Organic,0.0,5574,274,8
2025-11-01,Google Ads,842.97,38891,1731,36
2025-11-01,Facebook,1364.7,76703,1013,35
2025-11-01,Instagram,338.68,10220,352,30
2025-11-01,Email,160.05,9261,181,11
2025-11-01,Organic,0.0,4240,176,11
2025-11-02,Google Ads,894.56,47784,634,56
2025-11-02,Facebook,510.68,21913,409,22
2025-11-02,Instagram,227.44,13451,467,29
2025-11-02,Email,151.41,4562,109,9
2025-11-02,Organic,0.0,1937,66,2
2025-11-03,Google Ads,1314.78,71466,2876,254
2025-11-03,Facebook,293.52,11483,190,8
2025-11-03,Instagram,269.95,14733,276,14
2025-11-03,Email,187.59,9806,351,30
2025-11-03,Organic,0.0,3660,144,10
2025-11-04,Google Ads,397.96,13165,257,11
2025-11-04,Facebook,899.27,27277,976,91
2025-11-04,Instagram,667.34,27945,611,49
2025-11-04,Email,162.33,7854,281,22
2025-11-04,Organic,0.0,4372,228,8
2025-11-05,Google Ads,1039.95,46064,2299,105
2025-11-05,Facebook,718.83,33000,1468,91
2025-11-05,Instagram,913.54,36339,464,35
2025-11-05,Email,43.82,2530,46,1
2025-11-05,Organic,0.0,1741,100,3
2025-11-06,Google Ads,599.18,30047,543,44
2025-11-06,Facebook,739.18,29272,297,25
2025-11-06,Instagram,428.79,16188,419,15
2025-11-06,Email,161.16,7608,159,5
2025-11-06,Organic,0.0,4614,253,12
2025-11-07,Google Ads,464.37,23376,896,69
2025-11-07,Facebook,695.75,41617,1005,71
2025-11-07,Instagram,681.55,22513,241,8
2025-11-07,Email,180.73,10603,266,18
2025-11-07,Organic,0.0,2040,121,6
2025-11-08,Google Ads,885.48,36967,1398,58
2025-11-08,Facebook,522.4,17598,857,78
2025-11-08,Instagram,462.14,20590,268,20
2025-11-08,Email,114.41,4140,197,9
2025-11-08,Organic,0.0,2230,77,4
2025-11-09,Google Ads,1145.27,40008,1476,123
2025-11-09,Facebook,736.65,33433,647,64
2025-11-09,Instagram,574.07,21059,820,44
2025-11-09,Email,213.58,6437,184,18
2025-11-09,Organic,0.0,4871,228,19
2025-11-10,Google Ads,1095.99,51504,2514,85
2025-11-10,Facebook,873.89,47123,1548,139
2025-11-10,Instagram,473.88,21217,265,21
2025-11-10,Email,50.31,2850,134,4
2025-11-10,Organic,0.0,3126,74,6
2025-11-11,Google Ads,844.16,27984,1308,92
2025-11-11,Facebook,1077.24,59357,2566,211
2025-11-11,Instagram,384.21,20338,819,21
2025-11-11,Email,193.97,10050,279,23
2025-11-11,Organic,0.0,5107,158,15
2025-11-12,Google Ads,1517.69,73287,2568,203
2025-11-12,Facebook,320.67,13456,486,24
2025-11-12,Instagram,482.5,28358,877,72
2025-11-12,Email,146.24,8572,128,10
2025-11-12,Organic,0.0,4806,157,8
2025-11-13,Google Ads,1268.46,67587,1525,91
2025-11-13,Facebook,951.29,39094,472,32
2025-11-13,Instagram,573.46,19439,312,11
2025-11-13,Email,174.46,7965,224,8
2025-11-13,Organic,0.0,2185,93,3
2025-11-14,Google Ads,942.66,53267,1777,136
2025-11-14,Facebook,1110.0,58245,812,19
2025-11-14,Instagram,641.73,28275,954,89
2025-11-14,Email,53.75,1721,43,3
2025-11-14,Organic,0.0,5125,166,10
2025-11-15,Google Ads,571.19,31927,530,12
2025-11-15,Facebook,1029.04,53324,1399,66
2025-11-15,Instagram,853.29,43419,467,30
2025-11-15,Email,96.44,4353,108,7
2025-11-15,Organic,0.0,4633,184,9
2025-11-16,Google Ads,474.93,26199,539,13
2025-11-16,Facebook,1011.3,56813,1668,103
2025-11-16,Instagram,369.33,18925,509,26
2025-11-16,Email,192.72,10310,235,11
2025-11-16,Organic,0.0,1750,71,5
2025-11-17,Google Ads,1582.77,49014,2220,126
2025-11-17,Facebook,611.25,35063,634,32
2025-11-17,Instagram,428.66,20301,469,17
2025-11-17,Email,144.56,6359,68,6
2025-11-17,Organic,0.0,6688,319,20
2025-11-18,Google Ads,765.44,27471,985,44
2025-11-18,Facebook,1029.31,49581,1194,74
2025-11-18,Instagram,544.49,31754,675,42
2025-11-18,Email,70.66,4117,69,2
2025-11-18,Organic,0.0,3893,224,20
2025-11-19,Google Ads,931.67,32442,1483,60
2025-11-19,Facebook,767.89,26313,1218,74
2025-11-19,Instagram,197.38,7650,380,9
2025-11-19,Email,169.49,5693,247,12
2025-11-19,Organic,0.0,6351,325,28
2025-11-20,Google Ads,706.67,24546,1213,51
2025-11-20,Facebook,271.19,13641,213,20
2025-11-20,Instagram,193.36,7841,327,29
2025-11-20,Email,130.38,5834,225,19
2025-11-20,Organic,0.0,2823,78,6
2025-11-21,Google Ads,687.11,24744,683,61
2025-11-21,Facebook,603.77,22758,935,25
2025-11-21,Instagram,147.23,5922,84,3
2025-11-21,Email,115.08,5360,205,6
2025-11-21,Organic,0.0,5085,102,2
2025-11-22,Google Ads,805.92,37465,1504,92
2025-11-22,Facebook,327.45,19250,443,22
2025-11-22,Instagram,288.42,17271,547,17
2025-11-22,Email,55.36,3147,108,8
2025-11-22,Organic,0.0,4443,145,8
2025-11-23,Google Ads,571.61,22709,1073,28
2025-11-23,Facebook,265.63,10960,533,27
2025-11-23,Instagram,912.17,32834,1517,143
2025-11-23,Email,210.81,9160,150,12
2025-11-23,Organic,0.0,5789,291,21
2025-11-24,Google Ads,1161.8,35032,818,66
2025-11-24,Facebook,432.86,15342,645,50
2025-11-24,Instagram,930.26,50169,2098,136
2025-11-24,Email,70.57,3821,82,3
2025-11-24,Organic,0.0,5879,318,14
2025-11-25,Google Ads,1362.02,79439,2156,100
2025-11-25,Facebook,277.53,15420,503,35
2025-11-25,Instagram,282.62,11183,250,9
2025-11-25,Email,211.28,7846,247,21
2025-11-25,Organic,0.0,3272,154,11
2025-11-26,Google Ads,477.81,20805,592,55
2025-11-26,Facebook,885.36,33256,658,14
2025-11-26,Instagram,323.08,13329,463,30
2025-11-26,Email,100.07,3466,37,3
2025-11-26,Organic,0.0,5154,200,5
2025-11-27,Google Ads,456.48,18627,505,27
2025-11-27,Facebook,837.07,28674,760,20
2025-11-27,Instagram,659.56,27479,1226,66
2025-11-27,Email,119.37,7114,87,2
2025-11-27,Organic,0.0,2216,90,2
2025-11-28,Google Ads,1111.13,59228,2754,96
2025-11-28,Facebook,639.56,36315,815,76
2025-11-28,Instagram,488.46,23780,823,28
2025-11-28,Email,62.92,2325,74,1
2025-11-28,Organic,0.0,5379,302,11
2025-11-29,Google Ads,494.34,27193,471,13
2025-11-29,Facebook,402.68,13962,240,15
2025-11-29,Instagram,373.76,18037,707,44
2025-11-29,Email,84.42,3374,103,8
2025-11-29,Organic,0.0,3494,112,2
2025-11-30,Google Ads,1116.05,61594,1148,92
2025-11-30,Facebook,669.49,34307,1710,163
2025-11-30,Instagram,874.57,28945,534,52
2025-11-30,Email,60.31,2158,74,7
2025-11-30,Organic,0.0,3092,149,7
2025-12-01,Google Ads,524.29,27934,452,9
2025-12-01,Facebook,1313.72,45774,882,66
2025-12-01,Instagram,451.38,15629,520,45
2025-12-01,Email,137.79,8204,375,20
2025-12-01,Organic,0.0,2125,123,6
2025-12-02,Google Ads,1715.65,80417,1819,88
2025-12-02,Facebook,968.72,58045,695,58
2025-12-02,Instagram,253.91,8491,158,9
2025-12-02,Email,203.87,9246,322,31
2025-12-02,Organic,0.0,4088,137,4
2025-12-03,Google Ads,1484.23,75612,3385,84
2025-12-03,Facebook,411.32,13183,171,3
2025-12-03,Instagram,297.17,16138,571,29
2025-12-03,Email,81.99,4654,52,4
2025-12-03,Organic,0.0,7176,179,12
2025-12-04,Google Ads,1223.71,55837,1536,43
2025-12-04,Facebook,732.2,35624,1183,80
2025-12-04,Instagram,972.55,56554,2536,155
2025-12-04,Email,164.27,6729,248,14
2025-12-04,Organic,0.0,5460,241,20
2025-12-05,Google Ads,1496.13,61110,653,49
2025-12-05,Facebook,542.6,17336,572,54
2025-12-05,Instagram,739.09,30264,1126,53
2025-12-05,Email,44.42,1489,28,0
2025-12-05,Organic,0.0,3767,151,11
2025-12-06,Google Ads,1151.67,40893,1305,106
2025-12-06,Facebook,1522.97,63130,2256,156
2025-12-06,Instagram,409.33,15210,493,28
2025-12-06,Email,256.51,9479,398,20
2025-12-06,Organic,0.0,4955,132,4
2025-12-07,Google Ads,514.89,20236,991,90
2025-12-07,Facebook,416.12,21276,780,57
2025-12-07,Instagram,489.94,27026,1228,38
2025-12-07,Email,178.73,8145,367,26
2025-12-07,Organic,0.0,2506,78,4
2025-12-08,Google Ads,1403.44,54955,2307,94
2025-12-08,Facebook,1034.58,57144,1793,124
2025-12-08,Instagram,273.23,14535,358,15
2025-12-08,Email,238.41,11570,526,43
2025-12-08,Organic,0.0,6082,353,9
2025-12-09,Google Ads,1464.67,76999,1530,62
2025-12-09,Facebook,420.37,25039,797,68
2025-12-09,Instagram,235.59,9156,389,14
2025-12-09,Email,205.77,10686,471,17
2025-12-09,Organic,0.0,6311,237,17
2025-12-10,Google Ads,1744.1,72761,3513,253
2025-12-10,Facebook,629.51,37661,1210,111
2025-12-10,Instagram,841.61,43483,601,26
2025-12-10,Email,61.08,2915,133,3
2025-12-10,Organic,0.0,4381,153,9
2025-12-11,Google Ads,1244.54,42898,1828,169
2025-12-11,Facebook,1138.61,51076,1036,52
2025-12-11,Instagram,247.44,8039,164,15
2025-12-11,Email,56.0,2321,70,4
2025-12-11,Organic,0.0,2861,73,3
2025-12-12,Google Ads,1143.46,44282,1098,28
2025-12-12,Facebook,1107.21,57452,1672,87
2025-12-12,Instagram,358.31,15277,472,14
2025-12-12,Email,92.49,4026,109,10
2025-12-12,Organic,0.0,2861,161,9
2025-12-13,Google Ads,1991.66,114034,3683,348
2025-12-13,Facebook,822.22,36318,494,25
2025-12-13,Instagram,1026.38,51344,1297,124
2025-12-13,Email,49.02,2642,115,5
2025-12-13,Organic,0.0,6917,279,12
2025-12-14,Google Ads,652.74,27488,359,25
2025-12-14,Facebook,841.5,48785,2210,145
2025-12-14,Instagram,445.84,14798,452,9
2025-12-14,Email,187.45,6570,253,24
2025-12-14,Organic,0.0,6089,275,12
2025-12-15,Google Ads,900.23,42535,1513,124
2025-12-15,Facebook,771.17,26299,413,28
2025-12-15,Instagram,777.22,34171,379,8
2025-12-15,Email,243.65,10844,261,9
2025-12-15,Organic,0.0,4083,185,7
2025-12-16,Google Ads,749.7,23692,972,79
2025-12-16,Facebook,999.71,44370,751,69
2025-12-16,Instagram,367.31,16900,210,18
2025-12-16,Email,104.01,5682,268,9
2025-12-16,Organic,0.0,2999,68,4
2025-12-17,Google Ads,1204.66,43435,2105,61
2025-12-17,Facebook,408.71,23565,1070,71
2025-12-17,Instagram,195.03,9101,325,32
2025-12-17,Email,102.93,5753,273,11
2025-12-17,Organic,0.0,4845,252,21
2025-12-18,Google Ads,551.74,19392,831,81
2025-12-18,Facebook,827.51,38817,953,45
2025-12-18,Instagram,185.7,7807,177,9
2025-12-18,Email,226.5,13330,309,16
2025-12-18,Organic,0.0,1746,99,2
2025-12-19,Google Ads,1067.04,60036,2228,81
2025-12-19,Facebook,651.03,36441,1599,85
2025-12-19,Instagram,829.25,36701,685,16
2025-12-19,Email,51.26,1830,68,3
2025-12-19,Organic,0.0,3115,161,6
2025-12-20,Google Ads,1307.32,77824,1083,76
2025-12-20,Facebook,466.02,25353,643,31
2025-12-20,Instagram,870.07,40303,1601,153
2025-12-20,Email,87.2,2637,104,6
2025-12-20,Organic,0.0,4800,109,8
2025-12-21,Google Ads,1303.78,69153,1263,111
2025-12-21,Facebook,1031.0,47396,1534,87
2025-12-21,Instagram,628.59,28215,1266,88
2025-12-21,Email,55.21,1901,84,6
2025-12-21,Organic,0.0,5415,156,7
2025-12-22,Google Ads,1039.55,58247,1020,94
2025-12-22,Facebook,634.92,22513,986,38
2025-12-22,Instagram,217.9,6807,258,17
2025-12-22,Email,214.69,9601,446,32
2025-12-22,Organic,0.0,6389,243,20
2025-12-23,Google Ads,576.11,27406,573,12
2025-12-23,Facebook,799.04,41455,1721,49
2025-12-23,Instagram,918.71,52378,1040,47
2025-12-23,Email,81.12,2782,90,3
2025-12-23,Organic,0.0,5361,109,3
2025-12-24,Google Ads,942.36,39523,853,62
2025-12-24,Facebook,482.22,24057,1144,72
2025-12-24,Instagram,343.96,11883,298,14
2025-12-24,Email,67.68,3854,71,6
2025-12-24,Organic,0.0,3555,103,7
2025-12-25,Google Ads,1030.1,59370,2504,146
2025-12-25,Facebook,1152.35,43763,1775,144
2025-12-25,Instagram,676.95,35302,1653,115
2025-12-25,Email,211.15,12564,552,41
2025-12-25,Organic,0.0,4026,95,9
2025-12-26,Google Ads,795.46,31069,1192,85
2025-12-26,Facebook,934.61,52426,1534,41
2025-12-26,Instagram,436.27,23937,323,19
2025-12-26,Email,59.49,3231,120,10
2025-12-26,Organic,0.0,6904,158,10
2025-12-27,Google Ads,767.66,41174,477,46
2025-12-27,Facebook,780.86,34165,1582,81
2025-12-27,Instagram,636.04,26768,740,53
2025-12-27,Email,135.74,7269,163,4
2025-12-27,Organic,0.0,4593,178,13
2025-12-28,Google Ads,1009.06,46235,2076,175
2025-12-28,Facebook,1208.66,36687,1304,81
2025-12-28,Instagram,513.53,25404,756,60
2025-12-28,Email,108.98,6517,198,19
2025-12-28,Organic,0.0,7251,329,11
2025-12-29,Google Ads,619.69,33515,607,57
2025-12-29,Facebook,544.22,18100,501,10
2025-12-29,Instagram,909.98,53090,2360,77
2025-12-29,Email,229.49,8298,412,30
2025-12-29,Organic,0.0,3921,145,14
2025-12-30,Google Ads,1369.99,75140,3027,245
2025-12-30,Facebook,1043.02,47599,691,43
2025-12-30,Instagram,883.18,31837,1377,62
2025-12-30,Email,115.23,4718,81,3
2025-12-30,Organic,0.0,4483,125,2
2025-12-31,Google Ads,1134.66,39752,1227,100
2025-12-31,Facebook,1066.79,41428,1036,92
2025-12-31,Instagram,283.21,14514,326,14
2025-12-31,Email,167.3,6462,275,26
2025-12-31,Organic,0.0,2304,118,11
